{0,All sports,2025-10-09 14:20:09 Pacific Time}{{header3,1,1,1,181630,"NFL WEEK 16 - Monday, December 26th",,2022-12-26},{481,,4305309,,2022-12-26,2022-12-26,12-26,01:15,01:15,2022-12-27 01:15:00,,,,,,,{L.A. Chargers,LAC,,,,Indianapolis,IND,,,}}}{{header6,1,2,1,180254,"COLLEGE FOOTBALL - Monday, December 26th  -  QUICK LANE BOWL - FORD FIELD - DETROIT, MI",,2022-12-26},{235,,4144558,,2022-12-26,2022-12-26,12-26,19:30,19:30,2022-12-26 19:30:00,,1,"Ford Field","Detroit, MI",,,{New Mexico State,NMSU,,,,Bowling Green,BGSU,,,}}}{{header13,1,103,1,181643,"NFL IN-GAME LINES -",,2022-12-26},{9481,,4305427,,2022-12-26,2022-12-26,12-26,07:50,07:50,2022-12-27 07:50:00,,,,,,,{CHARGERS,CHARGERS,,,,COLTS,COLTS,,,}}}{{header8,1,105,1,180790,"COLLEGE FOOTBALL IN-GAME LINES -",,2022-12-26},{9235,,4198024,,2022-12-26,2022-12-26,12-26,07:50,07:50,2022-12-27 07:50:00,,,,,,,{New Mexico State,NMSU,,,,Bowling Green,BGSU,,,}}}{{header11,2,3,1,182591,"NBA - Monday, December 26th",,2022-12-26},{501,,4446812,,2022-12-26,2022-12-26,12-26,00:10,00:10,2022-12-27 00:10:00,,,,,,,{Brooklyn,BRK,,,,Cleveland,CLE,,,}}{503,,4446813,,2022-12-26,2022-12-26,12-26,00:10,00:10,2022-12-27 00:10:00,,,,,,,{L.A. Clippers,LAC,,,,Detroit,DET,,,}}{505,,4446814,,2022-12-26,2022-12-26,12-26,00:40,00:40,2022-12-27 00:40:00,,,,,,,{Minnesota,MIN,,,,Miami,MIA,,,}}{507,,4446815,,2022-12-26,2022-12-26,12-26,01:10,01:10,2022-12-27 01:10:00,,,,,,,{Houston,HOU,,,,Chicago,CHI,,,}}{509,,4446816,,2022-12-26,2022-12-26,12-26,01:35,01:35,2022-12-27 01:35:00,,,,,,,{Utah,UTA,,,,San Antonio,SA,,,}}{511,,4446817,,2022-12-26,2022-12-26,12-26,01:10,01:10,2022-12-27 01:10:00,,,,,,,{Indiana,IND,,,,New Orleans,NO,,,}}{513,,4446818,,2022-12-26,2022-12-26,12-26,03:10,03:10,2022-12-27 03:10:00,,,,,,,{Charlotte,CHA,,,,Portland,POR,,,}}}{{header39,2,109,1,182594,"NBA IN-GAME LINES -",,2022-12-26},{9501,,4446827,,2022-12-26,2022-12-26,12-26,07:50,07:50,2022-12-27 07:50:00,,,,,,,{NETS,NETS,,,,CAVALIERS,CAVALIERS,,,}}{9503,,4446828,,2022-12-26,2022-12-26,12-26,07:50,07:50,2022-12-27 07:50:00,,,,,,,{CLIPPERS,CLIPPERS,,,,PISTONS,PISTONS,,,}}{9505,,4446829,,2022-12-26,2022-12-26,12-26,07:50,07:50,2022-12-27 07:50:00,,,,,,,{TIMBERWOLVES,TIMBERWOLVES,,,,HEAT,HEAT,,,}}{9507,,4446830,,2022-12-26,2022-12-26,12-26,07:50,07:50,2022-12-27 07:50:00,,,,,,,{ROCKETS,ROCKETS,,,,BULLS,BULLS,,,}}{9509,,4446831,,2022-12-26,2022-12-26,12-26,07:50,07:50,2022-12-27 07:50:00,,,,,,,{JAZZ,JAZZ,,,,SPURS,SPURS,,,}}{9511,,4446832,,2022-12-26,2022-12-26,12-26,07:50,07:50,2022-12-27 07:50:00,,,,,,,{PACERS,PACERS,,,,PELICANS,PELICANS,,,}}{9513,,4446833,,2022-12-26,2022-12-26,12-26,07:50,07:50,2022-12-27 07:50:00,,,,,,,{HORNETS,HORNETS,,,,BLAZERS,BLAZERS,,,}}}{{header48,2,170,1,182762,"CHINA CBA - Monday, December 26th",,2022-12-26},{301545,,4463721,,2022-12-26,2022-12-26,12-26,11:35,11:35,2022-12-26 11:35:00,,,,,,,{Guangzhou,Guangzhou,,,,Shandong,Shandong,,,}}{301547,,4463722,,2022-12-26,2022-12-26,12-26,12:00,12:00,2022-12-26 12:00:00,,,,,,,{Fujian,Fujian,,,,Guangdong,Guangdong,,,}}}{{header42,2,267,1,182600,"SOUTH KOREA KBL - Monday, December 26th",,2022-12-26},{301801,,4446874,,2022-12-26,2022-12-26,12-26,10:00,10:00,2022-12-26 10:00:00,,,,,,,{KCC Egis,KCC Egis,,,,LG Sakers,LG Sakers,,,}}}{{header45,4,285,1,182604,"ENGLAND ELITE LEAGUE - Monday, December 26th",,2022-12-26},{302707,,4446882,,2022-12-26,2022-12-26,12-26,16:00,16:00,2022-12-26 16:00:00,,,,,,,{Nottingham,Nottingham,,,,Sheffield,Sheffield,,,}}{302709,,4446883,,2022-12-26,2022-12-26,12-26,16:00,16:00,2022-12-26 16:00:00,,,,,,,{Fife,Fife,,,,Dundee,Dundee,,,}}{302711,,4446884,,2022-12-26,2022-12-26,12-26,17:00,17:00,2022-12-26 17:00:00,,,,,,,{Belfast,Belfast,,,,Glasgow,Glasgow,,,}}{302713,,4446885,,2022-12-26,2022-12-26,12-26,17:30,17:30,2022-12-26 17:30:00,,,,,,,{Cardiff,Cardiff,,,,Coventry,Coventry,,,}}{302715,,4446886,,2022-12-26,2022-12-26,12-26,17:30,17:30,2022-12-26 17:30:00,,,,,,,{Guildford,Guildford,,,,Manchester,Manchester,,,}}}{{header17,5,244,1,182501,"AUSTRALIA A LEAGUE - Monday, December 26th",,2022-12-26},{204221,,4429297,,2022-12-26,2022-12-26,12-26,06:30,06:30,2022-12-27 06:30:00,,,,,,,{Central Coast Mariners,Central Coast Mariners,,,,Melbourne City,Melbourne City,,,,DRAW,DRAW,,,,TOTAL,TOTAL,,,}}}{{header19,5,9,1,182502,"BELGIUM JUPILER LEAGUE - Monday, December 26th",,2022-12-26},{204617,,4429299,,2022-12-26,2022-12-26,12-26,15:00,15:00,2022-12-26 15:00:00,,,,,,,{KV Oostende,KV Oostende,,,,Union St.-Gilloise,Union St.-Gilloise,,,,Draw,Draw,,,,Total,Total,,,}}{204633,,4429301,,2022-12-26,2022-12-26,12-26,19:45,19:45,2022-12-26 19:45:00,,,,,,,{Anderlecht,Anderlecht,,,,Royal Charleroi,Royal Charleroi,,,,Draw,Draw,,,,Total,Total,,,}}{204637,,4429300,,2022-12-26,2022-12-26,12-26,17:15,17:15,2022-12-26 17:15:00,,,,,,,{Genk,Genk,,,,KV Kortrijk,KV Kortrijk,,,,Draw,Draw,,,,Total,Total,,,}}{204645,,4429298,,2022-12-26,2022-12-26,12-26,12:30,12:30,2022-12-26 12:30:00,,,,,,,{Oud-Heverlee,Oud-Heverlee,,,,Club Brugge,Club Brugge,,,,Draw,Draw,,,,Total,Total,,,}}}{{header21,5,55,1,182503,"ENGLAND CHAMPIONSHIP - Monday, December 26th",,2022-12-26},{200249,,4429302,,2022-12-26,2022-12-26,12-26,12:00,12:00,2022-12-26 12:00:00,,,,,,,{Millwall,Millwall,,,,Watford,Watford,,,,DRAW,DRAW,,,,TOTAL,TOTAL,,,}}{200253,,4429303,,2022-12-26,2022-12-26,12-26,12:30,12:30,2022-12-26 12:30:00,,,,,,,{Blackburn,Blackburn,,,,Sunderland,Sunderland,,,,DRAW,DRAW,,,,TOTAL,TOTAL,,,}}{200257,,4429304,,2022-12-26,2022-12-26,12-26,15:00,15:00,2022-12-26 15:00:00,,,,,,,{Wigan Athletic,Wigan Athletic,,,,Middlesbrough,Middlesbrough,,,,DRAW,DRAW,,,,TOTAL,TOTAL,,,}}{200261,,4429305,,2022-12-26,2022-12-26,12-26,15:00,15:00,2022-12-26 15:00:00,,,,,,,{Stoke City,Stoke City,,,,Rotherham,Rotherham,,,,DRAW,DRAW,,,,TOTAL,TOTAL,,,}}{200265,,4429306,,2022-12-26,2022-12-26,12-26,15:00,15:00,2022-12-26 15:00:00,,,,,,,{West Bromwich Albion,West Bromwich Albion,,,,Bristol City,Bristol City,,,,DRAW,DRAW,,,,TOTAL,TOTAL,,,}}{200269,,4429307,,2022-12-26,2022-12-26,12-26,15:00,15:00,2022-12-26 15:00:00,,,,,,,{Coventry City,Coventry City,,,,Sheffield United,Sheffield United,,,,DRAW,DRAW,,,,TOTAL,TOTAL,,,}}{200273,,4429308,,2022-12-26,2022-12-26,12-26,15:00,15:00,2022-12-26 15:00:00,,,,,,,{Blackpool,Blackpool,,,,Hull City,Hull City,,,,DRAW,DRAW,,,,TOTAL,TOTAL,,,}}{200277,,4429309,,2022-12-26,2022-12-26,12-26,15:00,15:00,2022-12-26 15:00:00,,,,,,,{Huddersfield Town,Huddersfield Town,,,,Preston,Preston,,,,DRAW,DRAW,,,,TOTAL,TOTAL,,,}}{200281,,4429310,,2022-12-26,2022-12-26,12-26,17:15,17:15,2022-12-26 17:15:00,,,,,,,{Queens Park Rangers,Queens Park Rangers,,,,Cardiff,Cardiff,,,,DRAW,DRAW,,,,TOTAL,TOTAL,,,}}{200285,,4429311,,2022-12-26,2022-12-26,12-26,19:45,19:45,2022-12-26 19:45:00,,,,,,,{Norwich City,Norwich City,,,,Luton Town,Luton Town,,,,DRAW,DRAW,,,,TOTAL,TOTAL,,,}}}{{header23,5,9,1,182504,"ENGLAND LEAGUE 1 - Monday, December 26th",,2022-12-26},{200925,,4429312,,2022-12-26,2022-12-26,12-26,15:00,15:00,2022-12-26 15:00:00,,,,,,,{Barnsley,Barnsley,,,,Accrington Stanley,Accrington Stanley,,,,Draw,Draw,,,,Total,Total,,,}}{200929,,4429313,,2022-12-26,2022-12-26,12-26,15:00,15:00,2022-12-26 15:00:00,,,,,,,{Portsmouth,Portsmouth,,,,Exeter City,Exeter City,,,,Draw,Draw,,,,Total,Total,,,}}{200933,,4429314,,2022-12-26,2022-12-26,12-26,15:00,15:00,2022-12-26 15:00:00,,,,,,,{Oxford Utd,Oxford Utd,,,,Ipswich Town,Ipswich Town,,,,Draw,Draw,,,,Total,Total,,,}}{200937,,4429315,,2022-12-26,2022-12-26,12-26,15:00,15:00,2022-12-26 15:00:00,,,,,,,{Plymouth Argyle,Plymouth Argyle,,,,Cheltenham Town,Cheltenham Town,,,,Draw,Draw,,,,Total,Total,,,}}{200941,,4429316,,2022-12-26,2022-12-26,12-26,15:00,15:00,2022-12-26 15:00:00,,,,,,,{Bristol Rovers,Bristol Rovers,,,,Wycombe Wanderers,Wycombe Wanderers,,,,Draw,Draw,,,,Total,Total,,,}}{200945,,4429317,,2022-12-26,2022-12-26,12-26,15:00,15:00,2022-12-26 15:00:00,,,,,,,{Peterborough,Peterborough,,,,Charlton,Charlton,,,,Draw,Draw,,,,Total,Total,,,}}{200949,,4429318,,2022-12-26,2022-12-26,12-26,15:00,15:00,2022-12-26 15:00:00,,,,,,,{Lincoln City,Lincoln City,,,,Burton Albion,Burton Albion,,,,Draw,Draw,,,,Total,Total,,,}}{200953,,4429319,,2022-12-26,2022-12-26,12-26,15:00,15:00,2022-12-26 15:00:00,,,,,,,{Morecambe,Morecambe,,,,Port Vale,Port Vale,,,,Draw,Draw,,,,Total,Total,,,}}{200957,,4429320,,2022-12-26,2022-12-26,12-26,15:00,15:00,2022-12-26 15:00:00,,,,,,,{Shrewsbury Town,Shrewsbury Town,,,,Cambridge United,Cambridge United,,,,Draw,Draw,,,,Total,Total,,,}}{200961,,4429321,,2022-12-26,2022-12-26,12-26,15:00,15:00,2022-12-26 15:00:00,,,,,,,{Forest Green Rovers,Forest Green Rovers,,,,Milton Keynes Dons,Milton Keynes Dons,,,,Draw,Draw,,,,Total,Total,,,}}{200965,,4429322,,2022-12-26,2022-12-26,12-26,15:00,15:00,2022-12-26 15:00:00,,,,,,,{Sheffield Wednesday,Sheffield Wednesday,,,,Fleetwood Town,Fleetwood Town,,,,Draw,Draw,,,,Total,Total,,,}}}{{header25,5,9,1,182505,"ENGLAND LEAGUE 2 - Monday, December 26th",,2022-12-26},{201001,,4429325,,2022-12-26,2022-12-26,12-26,15:00,15:00,2022-12-26 15:00:00,,,,,,,{Hartlepool United,Hartlepool United,,,,Rochdale,Rochdale,,,,Draw,Draw,,,,Total,Total,,,}}{201005,,4429326,,2022-12-26,2022-12-26,12-26,15:00,15:00,2022-12-26 15:00:00,,,,,,,{Newport County,Newport County,,,,AFC Wimbledon,AFC Wimbledon,,,,Draw,Draw,,,,Total,Total,,,}}{201009,,4429323,,2022-12-26,2022-12-26,12-26,15:00,15:00,2022-12-26 15:00:00,,,,,,,{Grimsby Town,Grimsby Town,,,,Harrogate Town,Harrogate Town,,,,Draw,Draw,,,,Total,Total,,,}}{201017,,4429327,,2022-12-26,2022-12-26,12-26,15:00,15:00,2022-12-26 15:00:00,,,,,,,{Colchester United,Colchester United,,,,Gillingham,Gillingham,,,,Draw,Draw,,,,Total,Total,,,}}{201021,,4429328,,2022-12-26,2022-12-26,12-26,15:00,15:00,2022-12-26 15:00:00,,,,,,,{Sutton United,Sutton United,,,,Crawley Town,Crawley Town,,,,Draw,Draw,,,,Total,Total,,,}}{201025,,4429329,,2022-12-26,2022-12-26,12-26,15:00,15:00,2022-12-26 15:00:00,,,,,,,{Doncaster,Doncaster,,,,Tranmere Rovers,Tranmere Rovers,,,,Draw,Draw,,,,Total,Total,,,}}{201029,,4429330,,2022-12-26,2022-12-26,12-26,15:00,15:00,2022-12-26 15:00:00,,,,,,,{Walsall,Walsall,,,,Swindon Town,Swindon Town,,,,Draw,Draw,,,,Total,Total,,,}}{201033,,4429331,,2022-12-26,2022-12-26,12-26,15:00,15:00,2022-12-26 15:00:00,,,,,,,{Crewe Alexandra,Crewe Alexandra,,,,Stockport County,Stockport County,,,,Draw,Draw,,,,Total,Total,,,}}{201037,,4429332,,2022-12-26,2022-12-26,12-26,15:00,15:00,2022-12-26 15:00:00,,,,,,,{Barrow,Barrow,,,,Salford City,Salford City,,,,Draw,Draw,,,,Total,Total,,,}}{201041,,4429333,,2022-12-26,2022-12-26,12-26,15:00,15:00,2022-12-26 15:00:00,,,,,,,{Bradford City,Bradford City,,,,Carlisle United,Carlisle United,,,,Draw,Draw,,,,Total,Total,,,}}{201197,,4429324,,2022-12-26,2022-12-26,12-26,15:00,15:00,2022-12-26 15:00:00,,,,,,,{Northampton Town,Northampton Town,,,,Mansfield,Mansfield,,,,Draw,Draw,,,,Total,Total,,,}}}{{header15,5,245,1,181669,"ENGLAND PREMIER LEAGUE - Monday, December 26th",,2022-12-26},{200001,,4305498,,2022-12-26,2022-12-26,12-26,12:30,12:30,2022-12-26 12:30:00,,,,,,,{Tottenham,Tottenham,,,,Brentford,Brentford,,,,DRAW,DRAW,,,,TOTAL,TOTAL,,,}}{200005,,4305499,,2022-12-26,2022-12-26,12-26,15:00,15:00,2022-12-26 15:00:00,,,,,,,{Fulham,Fulham,,,,Crystal Palace,Crystal Palace,,,,DRAW,DRAW,,,,TOTAL,TOTAL,,,}}{200009,,4305500,,2022-12-26,2022-12-26,12-26,15:00,15:00,2022-12-26 15:00:00,,,,,,,{Wolverhampton Wanderers,Wolverhampton Wanderers,,,,Everton,Everton,,,,DRAW,DRAW,,,,TOTAL,TOTAL,,,}}{200013,,4305501,,2022-12-26,2022-12-26,12-26,15:00,15:00,2022-12-26 15:00:00,,,,,,,{Newcastle United,Newcastle United,,,,Leicester City,Leicester City,,,,DRAW,DRAW,,,,TOTAL,TOTAL,,,}}{200017,,4305502,,2022-12-26,2022-12-26,12-26,15:00,15:00,2022-12-26 15:00:00,,,,,,,{Brighton & Hove Albion,Brighton & Hove Albion,,,,Southampton,Southampton,,,,DRAW,DRAW,,,,TOTAL,TOTAL,,,}}{200021,,4305503,,2022-12-26,2022-12-26,12-26,17:30,17:30,2022-12-26 17:30:00,,,,,,,{Liverpool,Liverpool,,,,Aston Villa,Aston Villa,,,,DRAW,DRAW,,,,TOTAL,TOTAL,,,}}{200025,,4305504,,2022-12-26,2022-12-26,12-26,20:00,20:00,2022-12-26 20:00:00,,,,,,,{West Ham,West Ham,,,,Arsenal,Arsenal,,,,DRAW,DRAW,,,,TOTAL,TOTAL,,,}}}{{header27,5,9,1,182507,"ENGLAND VANARAMA NATIONAL LEAGUE - Monday, December 26th",,2022-12-26},{226121,,4429336,,2022-12-26,2022-12-26,12-26,15:00,15:00,2022-12-26 15:00:00,,,,,,,{Oldham Athletic,Oldham Athletic,,,,Notts County,Notts County,,,,Draw,Draw,,,,Total,Total,,,}}{226125,,4429337,,2022-12-26,2022-12-26,12-26,15:00,15:00,2022-12-26 15:00:00,,,,,,,{Halifax Town,Halifax Town,,,,Altrincham,Altrincham,,,,Draw,Draw,,,,Total,Total,,,}}{226129,,4429338,,2022-12-26,2022-12-26,12-26,15:00,15:00,2022-12-26 15:00:00,,,,,,,{Boreham Wood,Boreham Wood,,,,Barnet,Barnet,,,,Draw,Draw,,,,Total,Total,,,}}{226133,,4429339,,2022-12-26,2022-12-26,12-26,15:00,15:00,2022-12-26 15:00:00,,,,,,,{Chesterfield,Chesterfield,,,,Scunthorpe United,Scunthorpe United,,,,Draw,Draw,,,,Total,Total,,,}}{226137,,4429340,,2022-12-26,2022-12-26,12-26,15:00,15:00,2022-12-26 15:00:00,,,,,,,{Woking,Woking,,,,Aldershot Town,Aldershot Town,,,,Draw,Draw,,,,Total,Total,,,}}{226141,,4429341,,2022-12-26,2022-12-26,12-26,15:00,15:00,2022-12-26 15:00:00,,,,,,,{Maidstone United,Maidstone United,,,,Dagenham and Redbridge,Dagenham and Redbridge,,,,Draw,Draw,,,,Total,Total,,,}}{226145,,4429342,,2022-12-26,2022-12-26,12-26,15:00,15:00,2022-12-26 15:00:00,,,,,,,{Yeovil Town,Yeovil Town,,,,Torquay United,Torquay United,,,,Draw,Draw,,,,Total,Total,,,}}{226149,,4429343,,2022-12-26,2022-12-26,12-26,15:00,15:00,2022-12-26 15:00:00,,,,,,,{Bromley,Bromley,,,,Southend,Southend,,,,Draw,Draw,,,,Total,Total,,,}}{226153,,4429344,,2022-12-26,2022-12-26,12-26,15:00,15:00,2022-12-26 15:00:00,,,,,,,{Gateshead,Gateshead,,,,York City,York City,,,,Draw,Draw,,,,Total,Total,,,}}{226157,,4429345,,2022-12-26,2022-12-26,12-26,15:00,15:00,2022-12-26 15:00:00,,,,,,,{Eastleigh,Eastleigh,,,,Dorking Wanderers,Dorking Wanderers,,,,Draw,Draw,,,,Total,Total,,,}}{226161,,4429346,,2022-12-26,2022-12-26,12-26,15:00,15:00,2022-12-26 15:00:00,,,,,,,{Solihull Moors,Solihull Moors,,,,Wrexham,Wrexham,,,,Draw,Draw,,,,Total,Total,,,}}{226165,,4429347,,2022-12-26,2022-12-26,12-26,15:00,15:00,2022-12-26 15:00:00,,,,,,,{Maidenhead United,Maidenhead United,,,,Wealdstone,Wealdstone,,,,Draw,Draw,,,,Total,Total,,,}}}{{header29,5,28,1,182508,"FRANCE LIGUE 2 - Monday, December 26th",,2022-12-26},{203521,,4429350,,2022-12-26,2022-12-26,12-26,20:00,20:00,2022-12-26 20:00:00,,,,,,,{Grenoble Foot 38,Grenoble Foot 38,,,,Quevilly Rouen,Quevilly Rouen,,,,DRAW,DRAW,,,,TOTAL,TOTAL,,,}}{203525,,4429348,,2022-12-26,2022-12-26,12-26,16:00,16:00,2022-12-26 16:00:00,,,,,,,{Saint-Etienne,Saint-Etienne,,,,Annecy FC,null,,,,DRAW,DRAW,,,,TOTAL,TOTAL,,,}}{203529,,4429351,,2022-12-26,2022-12-26,12-26,20:00,20:00,2022-12-26 20:00:00,,,,,,,{Rodez,Rodez,,,,Sochaux,Sochaux,,,,DRAW,DRAW,,,,TOTAL,TOTAL,,,}}{203533,,4429352,,2022-12-26,2022-12-26,12-26,20:00,20:00,2022-12-26 20:00:00,,,,,,,{Amiens SC,Amiens SC,,,,Valenciennes,Valenciennes,,,,DRAW,DRAW,,,,TOTAL,TOTAL,,,}}{203537,,4429353,,2022-12-26,2022-12-26,12-26,20:00,20:00,2022-12-26 20:00:00,,,,,,,{Caen,Caen,,,,SC Bastia,SC Bastia,,,,DRAW,DRAW,,,,TOTAL,TOTAL,,,}}{203541,,4429354,,2022-12-26,2022-12-26,12-26,20:00,20:00,2022-12-26 20:00:00,,,,,,,{Laval,Laval,,,,Dijon,Dijon,,,,DRAW,DRAW,,,,TOTAL,TOTAL,,,}}{203545,,4429355,,2022-12-26,2022-12-26,12-26,20:00,20:00,2022-12-26 20:00:00,,,,,,,{Guingamp,Guingamp,,,,Nimes,Nimes,,,,DRAW,DRAW,,,,TOTAL,TOTAL,,,}}{203549,,4429349,,2022-12-26,2022-12-26,12-26,18:05,18:05,2022-12-26 18:05:00,,,,,,,{Bordeaux,Bordeaux,,,,Le Havre,Le Havre,,,,DRAW,DRAW,,,,TOTAL,TOTAL,,,}}{203553,,4429356,,2022-12-26,2022-12-26,12-26,20:00,20:00,2022-12-26 20:00:00,,,,,,,{Paris,Paris,,,,Pau,Pau,,,,DRAW,DRAW,,,,TOTAL,TOTAL,,,}}{203557,,4429357,,2022-12-26,2022-12-26,12-26,20:00,20:00,2022-12-26 20:00:00,,,,,,,{Niort,Niort,,,,Metz,Metz,,,,DRAW,DRAW,,,,TOTAL,TOTAL,,,}}}{{header31,5,235,1,182509,"ISRAEL PREMIER LEAGUE - Monday, December 26th",,2022-12-26},{217409,,4429358,,2022-12-26,2022-12-26,12-26,18:30,18:30,2022-12-26 18:30:00,,,,,,,{Maccabi Haifa,Maccabi Haifa,,,,Maccabi Netanya,Maccabi Netanya,,,,DRAW,DRAW,,,,TOTAL,TOTAL,,,}}}{{header33,5,9,1,182510,"ITALY SERIE B - Monday, December 26th",,2022-12-26},{201401,,4429361,,2022-12-26,2022-12-26,12-26,14:00,14:00,2022-12-26 14:00:00,,,,,,,{Cosenza,Cosenza,,,,Cagliari,Cagliari,,,,Draw,Draw,,,,Total,Total,,,}}{201405,,4429362,,2022-12-26,2022-12-26,12-26,14:00,14:00,2022-12-26 14:00:00,,,,,,,{Reggina,Reggina,,,,Ascoli Picchio,Ascoli Picchio,,,,Draw,Draw,,,,Total,Total,,,}}{201409,,4429363,,2022-12-26,2022-12-26,12-26,14:00,14:00,2022-12-26 14:00:00,,,,,,,{Pisa,Pisa,,,,SPAL,SPAL,,,,Draw,Draw,,,,Total,Total,,,}}{201413,,4429364,,2022-12-26,2022-12-26,12-26,14:00,14:00,2022-12-26 14:00:00,,,,,,,{Perugia,Perugia,,,,Benevento,Benevento,,,,Draw,Draw,,,,Total,Total,,,}}{201417,,4429365,,2022-12-26,2022-12-26,12-26,14:00,14:00,2022-12-26 14:00:00,,,,,,,{Modena,Modena,,,,Sudtirol,Sudtirol,,,,Draw,Draw,,,,Total,Total,,,}}{201421,,4429366,,2022-12-26,2022-12-26,12-26,14:00,14:00,2022-12-26 14:00:00,,,,,,,{Cittadella,Cittadella,,,,Como,Como,,,,Draw,Draw,,,,Total,Total,,,}}{201425,,4429367,,2022-12-26,2022-12-26,12-26,17:00,17:00,2022-12-26 17:00:00,,,,,,,{Ternana,Ternana,,,,Frosinone,Frosinone,,,,Draw,Draw,,,,Total,Total,,,}}{201429,,4429368,,2022-12-26,2022-12-26,12-26,19:30,19:30,2022-12-26 19:30:00,,,,,,,{Genoa,Genoa,,,,Bari 1908,Bari 1908,,,,Draw,Draw,,,,Total,Total,,,}}{201593,,4429359,,2022-12-26,2022-12-26,12-26,11:30,11:30,2022-12-26 11:30:00,,,,,,,{Palermo,Palermo,,,,Brescia,Brescia,,,,Draw,Draw,,,,Total,Total,,,}}{201597,,4429360,,2022-12-26,2022-12-26,12-26,14:00,14:00,2022-12-26 14:00:00,,,,,,,{Parma,Parma,,,,Venezia,Venezia,,,,Draw,Draw,,,,Total,Total,,,}}}{{header35,5,169,1,182511,"NORTHERN IRELAND PREMIERSHIP - Monday, December 26th",,2022-12-26},{206005,,4429369,,2022-12-26,2022-12-26,12-26,14:00,14:00,2022-12-26 14:00:00,,,,,,,{Linfield,LINF,,,,Glentoran,Glentoran,,,,DRAW,DRAW,,,,TOTAL,TOTAL,,,}}{206009,,4429370,,2022-12-26,2022-12-26,12-26,15:00,15:00,2022-12-26 15:00:00,,,,,,,{Portadown,Portadown,,,,Glenavon,Glenavon,,,,DRAW,DRAW,,,,TOTAL,TOTAL,,,}}{206013,,4429371,,2022-12-26,2022-12-26,12-26,15:00,15:00,2022-12-26 15:00:00,,,,,,,{Newry City AFC,Newry City AFC,,,,Dungannon Swifts,Dungannon Swifts,,,,DRAW,DRAW,,,,TOTAL,TOTAL,,,}}{206017,,4429372,,2022-12-26,2022-12-26,12-26,15:00,15:00,2022-12-26 15:00:00,,,,,,,{Cliftonville,Cliftonville,,,,Crusaders,Crusaders,,,,DRAW,DRAW,,,,TOTAL,TOTAL,,,}}{206021,,4429373,,2022-12-26,2022-12-26,12-26,15:00,15:00,2022-12-26 15:00:00,,,,,,,{Ballymena United,Ballymena United,,,,Coleraine,Coleraine,,,,DRAW,DRAW,,,,TOTAL,TOTAL,,,}}{206025,,4429374,,2022-12-26,2022-12-26,12-26,17:30,17:30,2022-12-26 17:30:00,,,,,,,{Carrick Rangers,Carrick Rangers,,,,Larne,Larne,,,,DRAW,DRAW,,,,TOTAL,TOTAL,,,}}}{{header37,5,9,1,182512,"WALES PREMIER LEAGUE - Monday, December 26th",,2022-12-26},{224101,,4429375,,2022-12-26,2022-12-26,12-26,14:30,14:30,2022-12-26 14:30:00,,,,,,,{Flint Town United,Flint Town United,,,,Connahs Quay,Connahs Quay,,,,Draw,Draw,,,,Total,Total,,,}}{224105,,4429376,,2022-12-26,2022-12-26,12-26,14:30,14:30,2022-12-26 14:30:00,,,,,,,{Bala Town,Bala Town,,,,Caernarfon Town,Caernarfon Town,,,,Draw,Draw,,,,Total,Total,,,}}{224109,,4429377,,2022-12-26,2022-12-26,12-26,14:30,14:30,2022-12-26 14:30:00,,,,,,,{Newtown,Newtown,,,,Aberystwyth Town,Aberystwyth Town,,,,Draw,Draw,,,,Total,Total,,,}}{224113,,4429378,,2022-12-26,2022-12-26,12-26,14:30,14:30,2022-12-26 14:30:00,,,,,,,{Airbus UK,Airbus UK,,,,The New Saints,The New Saints,,,,Draw,Draw,,,,Total,Total,,,}}{224117,,4429379,,2022-12-26,2022-12-26,12-26,14:30,14:30,2022-12-26 14:30:00,,,,,,,{Cardiff MU,Cardiff MU,,,,Penybont,Penybont,,,,Draw,Draw,,,,Total,Total,,,}}{224121,,4429380,,2022-12-26,2022-12-26,12-26,14:30,14:30,2022-12-26 14:30:00,,,,,,,{Haverfordwest County,Haverfordwest County,,,,Pontypridd Town AFC,Pontypridd Town AFC,,,,Draw,Draw,,,,Total,Total,,,}}}{{header50,5,288,1,182767,"ENGLAND PREMIER LEAGUE IN-GAME LINES -",,2022-12-26},{290001,,4463737,,2022-12-26,2022-12-26,12-26,07:50,07:50,2022-12-27 07:50:00,,,,,,,{Tottenham,Tottenham,,,,Brentford,Brentford,,,,DRAW,DRAW,,,,TOTAL,TOTAL,,,}}{290005,,4463738,,2022-12-26,2022-12-26,12-26,07:50,07:50,2022-12-27 07:50:00,,,,,,,{Fulham,Fulham,,,,Crystal Palace,Crystal Palace,,,,DRAW,DRAW,,,,TOTAL,TOTAL,,,}}{290009,,4463739,,2022-12-26,2022-12-26,12-26,07:50,07:50,2022-12-27 07:50:00,,,,,,,{Wolverhampton Wanderers,Wolverhampton Wanderers,,,,Everton,Everton,,,,DRAW,DRAW,,,,TOTAL,TOTAL,,,}}{290013,,4463740,,2022-12-26,2022-12-26,12-26,07:50,07:50,2022-12-27 07:50:00,,,,,,,{Newcastle United,Newcastle United,,,,Leicester City,Leicester City,,,,DRAW,DRAW,,,,TOTAL,TOTAL,,,}}{290017,,4463741,,2022-12-26,2022-12-26,12-26,07:50,07:50,2022-12-27 07:50:00,,,,,,,{Brighton & Hove Albion,Brighton & Hove Albion,,,,Southampton,Southampton,,,,DRAW,DRAW,,,,TOTAL,TOTAL,,,}}{290021,,4463742,,2022-12-26,2022-12-26,12-26,07:50,07:50,2022-12-27 07:50:00,,,,,,,{Liverpool,Liverpool,,,,Aston Villa,Aston Villa,,,,DRAW,DRAW,,,,TOTAL,TOTAL,,,}}{290025,,4463743,,2022-12-26,2022-12-26,12-26,07:50,07:50,2022-12-27 07:50:00,,,,,,,{West Ham,West Ham,,,,Arsenal,Arsenal,,,,DRAW,DRAW,,,,TOTAL,TOTAL,,,}}}