{0,All sports,2025-10-29 12:27:13 Pacific Time}{{header3,3,5,1,165462,"MAJOR LEAGUE BASEBALL - Tuesday, August 16th  -  NATIONAL LEAGUE -",,2022-08-16},{951,,2600812,,2022-08-16,2022-08-16,08-16,22:40,22:40,2022-08-16 22:40:00,,,,,,,{San Diego,SD,S. Manaea,1,,Miami,MIA,E. Cabrera,,}}{953,,2600811,,2022-08-16,2022-08-16,08-16,22:40,22:40,2022-08-16 22:40:00,,,,,,,{Philadelphia,PHI,K. Gibson,,,Cincinnati,CIN,T. Zeuch,,}}{955,,2600810,,2022-08-16,2022-08-16,08-16,23:05,23:05,2022-08-16 23:05:00,,,,,,,{Chi. Cubs,CHC,J. Steele,1,,Washington,WAS,P. Corbin,1,}}{957,,2600813,,2022-08-16,2022-08-16,08-16,23:20,23:20,2022-08-16 23:20:00,,,,,,,{NY Mets,NYM,T. Walker,,,Atlanta,ATL,C. Morton,,}}{959,,2600814,,2022-08-16,2022-08-16,08-16,23:45,23:45,2022-08-16 23:45:00,,,,,,,{Colorado,COL,K. Freeland,1,,St. Louis,STL,J. Quintana,1,}}{961,,2600815,,2022-08-16,2022-08-16,08-16,00:10,00:10,2022-08-17 00:10:00,,,,,,,{LA Dodgers,LAD,R. Pepiot,,,Milwaukee,MIL,B. Woodruff,,}}{963,,2600809,,2022-08-16,2022-08-16,08-16,01:45,01:45,2022-08-17 01:45:00,,,,,,,{Arizona,ARI,M. Kelly,,,San Francisco,SF,J. Junis,,}}}{{header6,3,5,1,165463,"MAJOR LEAGUE BASEBALL - Tuesday, August 16th  -  AMERICAN LEAGUE -",,2022-08-16},{965,,2600818,,2022-08-16,2022-08-16,08-16,23:05,23:05,2022-08-16 23:05:00,,,,,,,{Tampa Bay,TB,J. Springs,1,,NY Yankees,NYY,N. Cortes,1,}}{967,,2600819,,2022-08-16,2022-08-16,08-16,23:07,23:07,2022-08-16 23:07:00,,,,,,,{Baltimore,BAL,D. Kremer,,,Toronto,TOR,A. Manoah,,}}{969,,2600816,,2022-08-16,2022-08-16,08-16,23:10,23:10,2022-08-16 23:10:00,,,,,,,{Detroit,DET,G. Hill,,,Cleveland,CLE,Z. Plesac,,}}{971,,2600820,,2022-08-16,2022-08-16,08-16,23:40,23:40,2022-08-16 23:40:00,,,,,,,{Kansas City,KC,Z. Greinke,,,Minnesota,MIN,S. Gray,,}}{973,,2600821,,2022-08-16,2022-08-16,08-16,00:05,00:05,2022-08-17 00:05:00,,,,,,,{Athletics,ATH,J. Sears,1,,Texas,TEX,K. Arihara,,}}{975,,2600817,,2022-08-16,2022-08-16,08-16,00:10,00:10,2022-08-17 00:10:00,,,,,,,{Houston,HOU,J. Verlander,,,Chi. White Sox,CHW,D. Cease,,}}{977,,2600822,,2022-08-16,2022-08-16,08-16,01:38,01:38,2022-08-17 01:38:00,,,,,,,{Seattle,SEA,R. Ray,1,,LA Angels,LAA,J. Suarez,1,}}}{{header9,3,5,1,165464,"MAJOR LEAGUE BASEBALL - Tuesday, August 16th  -  INTERLEAGUE -",,2022-08-16},{979,,2600823,,2022-08-16,2022-08-16,08-16,23:05,23:05,2022-08-16 23:05:00,,,,,,,{Boston,BOS,N. Pivetta,,,Pittsburgh,PIT,M. Keller,,}}}{{header12,3,118,1,165465,"MAJOR LEAGUE BASEBALL - Tuesday, August 16th  -  WRITE-IN GAMES -",,2022-08-16},{981,,2600824,,2022-08-16,2022-08-16,08-16,02:00,02:00,2022-08-17 02:00:00,,,,,,,{&nbsp;,&nbsp;,,,,&nbsp;,&nbsp;,,,}}{983,,2600825,,2022-08-16,2022-08-16,08-16,02:00,02:00,2022-08-17 02:00:00,,,,,,,{&nbsp;,&nbsp;,,,,&nbsp;,&nbsp;,,,}}}{{header81,3,117,1,165480,"MLB IN-GAME LINES -",,2022-08-16},{9951,,2600854,,2022-08-16,2022-08-16,08-16,06:50,06:50,2022-08-17 06:50:00,,,,,,,{San Diego,SD,,,,Miami,MIA,,,}}{9953,,2600855,,2022-08-16,2022-08-16,08-16,06:50,06:50,2022-08-17 06:50:00,,,,,,,{Philadelphia,PHI,,,,Cincinnati,CIN,,,}}{9955,,2600856,,2022-08-16,2022-08-16,08-16,06:50,06:50,2022-08-17 06:50:00,,,,,,,{Chi. Cubs,CHC,,,,Washington,WAS,,,}}{9957,,2600857,,2022-08-16,2022-08-16,08-16,06:50,06:50,2022-08-17 06:50:00,,,,,,,{NY Mets,NYM,,,,Atlanta,ATL,,,}}{9959,,2600858,,2022-08-16,2022-08-16,08-16,06:50,06:50,2022-08-17 06:50:00,,,,,,,{Colorado,COL,,,,St. Louis,STL,,,}}{9961,,2600859,,2022-08-16,2022-08-16,08-16,06:50,06:50,2022-08-17 06:50:00,,,,,,,{LA Dodgers,LAD,,,,Milwaukee,MIL,,,}}{9963,,2600860,,2022-08-16,2022-08-16,08-16,06:50,06:50,2022-08-17 06:50:00,,,,,,,{Arizona,ARI,,,,San Francisco,SF,,,}}{9965,,2600861,,2022-08-16,2022-08-16,08-16,06:50,06:50,2022-08-17 06:50:00,,,,,,,{Tampa Bay,TB,,,,NY Yankees,NYY,,,}}{9967,,2600862,,2022-08-16,2022-08-16,08-16,06:50,06:50,2022-08-17 06:50:00,,,,,,,{Baltimore,BAL,,,,Toronto,TOR,,,}}{9969,,2600863,,2022-08-16,2022-08-16,08-16,06:50,06:50,2022-08-17 06:50:00,,,,,,,{Detroit,DET,,,,Cleveland,CLE,,,}}{9971,,2600864,,2022-08-16,2022-08-16,08-16,06:50,06:50,2022-08-17 06:50:00,,,,,,,{Kansas City,KC,,,,Minnesota,MIN,,,}}{9973,,2600865,,2022-08-16,2022-08-16,08-16,06:50,06:50,2022-08-17 06:50:00,,,,,,,{Athletics,ATH,,,,Texas,TEX,,,}}{9975,,2600866,,2022-08-16,2022-08-16,08-16,06:50,06:50,2022-08-17 06:50:00,,,,,,,{Houston,HOU,,,,Chi. White Sox,CHW,,,}}{9977,,2600867,,2022-08-16,2022-08-16,08-16,06:50,06:50,2022-08-17 06:50:00,,,,,,,{Seattle,SEA,,,,LA Angels,LAA,,,}}{9979,,2600868,,2022-08-16,2022-08-16,08-16,06:50,06:50,2022-08-17 06:50:00,,,,,,,{Boston,BOS,,,,Pittsburgh,PIT,,,}}{9981,,2600869,,2022-08-16,2022-08-16,08-16,06:50,06:50,2022-08-17 06:50:00,,,,,,,{&nbsp;,&nbsp;,,,,&nbsp;,&nbsp;,,,}}{9983,,2600870,,2022-08-16,2022-08-16,08-16,06:50,06:50,2022-08-17 06:50:00,,,,,,,{&nbsp;,&nbsp;,,,,&nbsp;,&nbsp;,,,}}}{{header87,3,120,1,165498,"MAJOR LEAGUE BASEBALL - Tuesday, August 16th  -  GRAND SALAMI -",,2022-08-16},{991,,2601146,,2022-08-16,2022-08-16,08-16,22:40,22:40,2022-08-16 22:40:00,,,,,,,{AWAY RUNS,AWAY RUNS,,,,HOME RUNS,HOME RUNS,,,}}{993,,2601147,,2022-08-16,2022-08-16,08-16,22:40,22:40,2022-08-16 22:40:00,,,,,,,{OVER RUNS,OVER RUNS,,,,UNDER RUNS,UNDER RUNS,,,}}}{{header79,3,119,1,165544,"MLB SERIES PRICES - Monday-Thursday (*=4 game series, #=5 game series)",,2022-08-15},{877,,2582719,,2022-08-16,2022-08-16,08-16,23:05,23:05,2022-08-16 23:05:00,,,,,,,{Boston,BOS,,,,Pittsburgh,PIT,,,}}{879,,2582720,,2022-08-16,2022-08-16,08-16,23:45,23:45,2022-08-16 23:45:00,,,,,,,{Colorado,COL,,,,St. Louis,STL,,,}}}{{header65,3,130,1,165194,"MILB TRIPLE-A EAST IN-GAME LINES -",,2022-08-16},{396001,,2582203,,2022-08-16,2022-08-16,08-16,06:50,06:50,2022-08-17 06:50:00,,,,,,,{Syracuse Mets,null,,,,Charlotte Knights,null,,,}}{396003,,2582204,,2022-08-16,2022-08-16,08-16,06:50,06:50,2022-08-17 06:50:00,,,,,,,{Durham Bulls,null,,,,Norfolk Tides,null,,,}}{396005,,2582205,,2022-08-16,2022-08-16,08-16,06:50,06:50,2022-08-17 06:50:00,,,,,,,{Omaha Storm Chasers,null,,,,Louisville Bats,null,,,}}{396007,,2582206,,2022-08-16,2022-08-16,08-16,06:50,06:50,2022-08-17 06:50:00,,,,,,,{Rochester Red Wings,null,,,,Worcester Red Sox,null,,,}}{396009,,2582207,,2022-08-16,2022-08-16,08-16,06:50,06:50,2022-08-17 06:50:00,,,,,,,{Memphis Redbirds,null,,,,Gwinnett Stripers,null,,,}}{396011,,2582208,,2022-08-16,2022-08-16,08-16,06:50,06:50,2022-08-17 06:50:00,,,,,,,{Lehigh Valley IronPigs,null,,,,Buffalo Bisons,null,,,}}{396013,,2582209,,2022-08-16,2022-08-16,08-16,06:50,06:50,2022-08-17 06:50:00,,,,,,,{Nashville Sounds,null,,,,Jacksonville Jumbo Shrimp,null,,,}}{396015,,2582210,,2022-08-16,2022-08-16,08-16,06:50,06:50,2022-08-17 06:50:00,,,,,,,{Toledo Mud Hens,Toledo Mud Hens,,,,Columbus Clippers,Columbus Clippers,,,}}{396017,,2582211,,2022-08-16,2022-08-16,08-16,06:50,06:50,2022-08-17 06:50:00,,,,,,,{Iowa Cubs,null,,,,Indianapolis Indians,null,,,}}{396019,,2582212,,2022-08-16,2022-08-16,08-16,06:50,06:50,2022-08-17 06:50:00,,,,,,,{Scranton/Wilkes-Barre,null,,,,St. Paul Saints,null,,,}}}{{header76,3,131,1,165199,"MILB TRIPLE-A WEST IN-GAME LINES -",,2022-08-16},{396213,,2582230,,2022-08-16,2022-08-16,08-16,06:50,06:50,2022-08-17 06:50:00,,,,,,,{Albuquerque Isotopes,null,,,,Tacoma Rainiers,null,,,}}{396215,,2582231,,2022-08-16,2022-08-16,08-16,06:50,06:50,2022-08-17 06:50:00,,,,,,,{Oklahoma City Comets,null,,,,Sugar Land Space Cowboys,Sugar Land Space Cowboys,,,}}{396217,,2582232,,2022-08-16,2022-08-16,08-16,06:50,06:50,2022-08-17 06:50:00,,,,,,,{El Paso Chihuahuas,El Paso Chihuahuas,,,,Round Rock Express,null,,,}}{396219,,2582233,,2022-08-16,2022-08-16,08-16,06:50,06:50,2022-08-17 06:50:00,,,,,,,{Salt Lake Bees,Salt Lake Bees,,,,Reno Aces,null,,,}}{396221,,2582234,,2022-08-16,2022-08-16,08-16,06:50,06:50,2022-08-17 06:50:00,,,,,,,{Las Vegas Aviators,null,,,,Sacramento River Cats,null,,,}}}{{header68,3,240,1,165196,"JAPAN NPB - Tuesday, August 16th",,2022-08-16},{304173,,2582214,,2022-08-16,2022-08-16,08-16,09:00,09:00,2022-08-16 09:00:00,,,,,,,{Yomiuri Giants,Yomiuri Giants,,,,Yokohama Baystars,Yokohama Baystars,,,}}{304175,,2582215,,2022-08-16,2022-08-16,08-16,09:00,09:00,2022-08-16 09:00:00,,,,,,,{Hanshin Tigers,Hanshin Tigers,,,,Yakult Swallows,Yakult Swallows,,,}}{304177,,2582216,,2022-08-16,2022-08-16,08-16,09:00,09:00,2022-08-16 09:00:00,,,,,,,{Chunichi Dragons,Chunichi Dragons,,,,Hiroshima Carp,Hiroshima Carp,,,}}{304179,,2582217,,2022-08-16,2022-08-16,08-16,09:00,09:00,2022-08-16 09:00:00,,,,,,,{Rakuten Gold. Eagles,Rakuten Gold. Eagles,,,,Nippon Ham Fighters,Nippon Ham Fighters,,,}}{304181,,2582218,,2022-08-16,2022-08-16,08-16,09:00,09:00,2022-08-16 09:00:00,,,,,,,{Chiba Lotte Marines,Chiba Lotte Marines,,,,Orix Buffaloes,Orix Buffaloes,,,}}{304183,,2582219,,2022-08-16,2022-08-16,08-16,09:00,09:00,2022-08-16 09:00:00,,,,,,,{Fukuoka S. Hawks,Fukuoka S. Hawks,,,,Seibu Lions,Seibu Lions,,,}}}{{header63,3,95,1,165192,"MILB TRIPLE-A EAST - Tuesday, August 16th",,2022-08-16},{306001,,2582192,,2022-08-16,2022-08-16,08-16,22:35,22:35,2022-08-16 22:35:00,,,,,,,{Syracuse Mets,null,,,,Charlotte Knights,null,,,}}{306003,,2582193,,2022-08-16,2022-08-16,08-16,22:35,22:35,2022-08-16 22:35:00,,,,,,,{Durham Bulls,null,,,,Norfolk Tides,null,,,}}{306005,,2582194,,2022-08-16,2022-08-16,08-16,22:35,22:35,2022-08-16 22:35:00,,,,,,,{Omaha Storm Chasers,null,,,,Louisville Bats,null,,,}}{306007,,2582195,,2022-08-16,2022-08-16,08-16,22:45,22:45,2022-08-16 22:45:00,,,,,,,{Rochester Red Wings,null,,,,Worcester Red Sox,null,,,}}{306009,,2582196,,2022-08-16,2022-08-16,08-16,23:05,23:05,2022-08-16 23:05:00,,,,,,,{Memphis Redbirds,null,,,,Gwinnett Stripers,null,,,}}{306011,,2582197,,2022-08-16,2022-08-16,08-16,23:05,23:05,2022-08-16 23:05:00,,,,,,,{Lehigh Valley IronPigs,null,,,,Buffalo Bisons,null,,,}}{306013,,2582198,,2022-08-16,2022-08-16,08-16,23:05,23:05,2022-08-16 23:05:00,,,,,,,{Nashville Sounds,null,,,,Jacksonville Jumbo Shrimp,null,,,}}{306015,,2582199,,2022-08-16,2022-08-16,08-16,23:05,23:05,2022-08-16 23:05:00,,,,,,,{Toledo Mud Hens,Toledo Mud Hens,,,,Columbus Clippers,Columbus Clippers,,,}}{306017,,2582200,,2022-08-16,2022-08-16,08-16,23:05,23:05,2022-08-16 23:05:00,,,,,,,{Iowa Cubs,null,,,,Indianapolis Indians,null,,,}}{306019,,2582201,,2022-08-16,2022-08-16,08-16,00:07,00:07,2022-08-17 00:07:00,,,,,,,{Scranton/Wilkes-Barre,null,,,,St. Paul Saints,null,,,}}}{{header74,3,96,1,165198,"MILB TRIPLE-A WEST - Tuesday, August 16th",,2022-08-16},{306213,,2582225,,2022-08-16,2022-08-16,08-16,19:05,19:05,2022-08-16 19:05:00,,,,,,,{Albuquerque Isotopes,null,,,,Tacoma Rainiers,null,,,}}{306215,,2582226,,2022-08-16,2022-08-16,08-16,00:05,00:05,2022-08-17 00:05:00,,,,,,,{Oklahoma City Comets,null,,,,Sugar Land Space Cowboys,Sugar Land Space Cowboys,,,}}{306217,,2582227,,2022-08-16,2022-08-16,08-16,00:05,00:05,2022-08-17 00:05:00,,,,,,,{El Paso Chihuahuas,El Paso Chihuahuas,,,,Round Rock Express,null,,,}}{306219,,2582228,,2022-08-16,2022-08-16,08-16,01:35,01:35,2022-08-17 01:35:00,,,,,,,{Salt Lake Bees,Salt Lake Bees,,,,Reno Aces,null,,,}}{306221,,2582229,,2022-08-16,2022-08-16,08-16,01:35,01:35,2022-08-17 01:35:00,,,,,,,{Las Vegas Aviators,null,,,,Sacramento River Cats,null,,,}}}{{header71,3,214,1,165197,"SOUTH KOREA KBO - Tuesday, August 16th",,2022-08-16},{304651,,2582220,,2022-08-16,2022-08-16,08-16,09:30,09:30,2022-08-16 09:30:00,,,,,,,{Kiwoom Heroes,Kiwoom Heroes,,,,KT Wiz Suwon,KT Wiz Suwon,,,}}{304653,,2582221,,2022-08-16,2022-08-16,08-16,09:30,09:30,2022-08-16 09:30:00,,,,,,,{Hanwha Eagles,Hanwha Eagles,,,,NC Dinos,NC Dinos,,,}}{304655,,2582222,,2022-08-16,2022-08-16,08-16,09:30,09:30,2022-08-16 09:30:00,,,,,,,{SSG Landers,SSG Landers,,,,KIA Tigers,KIA Tigers,,,}}{304657,,2582223,,2022-08-16,2022-08-16,08-16,09:30,09:30,2022-08-16 09:30:00,,,,,,,{Samsung Lions,Samsung Lions,,,,LG Twins,LG Twins,,,}}{304659,,2582224,,2022-08-16,2022-08-16,08-16,09:30,09:30,2022-08-16 09:30:00,,,,,,,{Doosan Bears,Doosan Bears,,,,Lotte Giants,Lotte Giants,,,}}}{{header16,5,9,1,164690,"ARGENTINA SUPERLIGA - Tuesday, August 16th",,2022-08-16},{208001,,2528799,,2022-08-16,2022-08-16,08-16,19:30,19:30,2022-08-16 19:30:00,,,,,,,{Colon,Colon,,,,Central Cordoba SdE,Central Cordoba SdE,,,,Draw,Draw,,,,Total,Total,,,}}{208005,,2528800,,2022-08-16,2022-08-16,08-16,19:30,19:30,2022-08-16 19:30:00,,,,,,,{Godoy Cruz,Godoy Cruz,,,,Sarmiento Junin,Sarmiento Junin,,,,Draw,Draw,,,,Total,Total,,,}}{208009,,2528801,,2022-08-16,2022-08-16,08-16,22:00,22:00,2022-08-16 22:00:00,,,,,,,{Platense,Platense,,,,San Lorenzo,San Lorenzo,,,,Draw,Draw,,,,Total,Total,,,}}{208013,,2528802,,2022-08-16,2022-08-16,08-16,00:30,00:30,2022-08-17 00:30:00,,,,,,,{Huracan,Huracan,,,,Independiente,Independiente,,,,Draw,Draw,,,,Total,Total,,,}}}{{header14,5,9,1,164667,"ARGENTINA PRIMERA NACIONAL - Tuesday, August 16th",,2022-08-16},{210725,,2509586,,2022-08-16,2022-08-16,08-16,00:10,00:10,2022-08-17 00:10:00,,,,,,,{Club Atletico Guemes,Club Atletico Guemes,,,,Agropecuario,Agropecuario,,,,Draw,Draw,,,,Total,Total,,,}}}{{header18,5,9,1,164691,"BRAZIL SERIE B - Tuesday, August 16th",,2022-08-16},{208513,,2528803,,2022-08-16,2022-08-16,08-16,23:30,23:30,2022-08-16 23:30:00,,,,,,,{Bahia,Bahia,,,,Londrina,Londrina,,,,Draw,Draw,,,,Total,Total,,,}}}{{header20,5,9,1,164692,"CHILE PRIMERA B DIVISION - Tuesday, August 16th",,2022-08-16},{236501,,2528804,,2022-08-16,2022-08-16,08-16,22:00,22:00,2022-08-16 22:00:00,,,,,,,{Deportes Temuco,Deportes Temuco,,,,Santiago Wanderers,Santiago Wanderers,,,,Draw,Draw,,,,Total,Total,,,}}}{{header56,5,9,1,164693,"CHINA CSL - Tuesday, August 16th",,2022-08-16},{213163,,2566244,,2022-08-16,2022-08-16,08-16,11:30,11:30,2022-08-16 11:30:00,,,,,,,{Shenzhen,Shenzhen,,,,Shanghai Port,Shanghai Port,,,,Draw,Draw,,,,Total,Total,,,}}}{{header42,5,260,1,164791,"DENMARK DIVISION 1 - Tuesday, August 16th",,2022-08-16},{202897,,2542897,,2022-08-16,2022-08-16,08-16,16:30,16:30,2022-08-16 16:30:00,,,,,,,{FC Helsingor,FC Helsingor,,,,SoenderjyskE,SoenderjyskE,,,,DRAW,DRAW,,,,TOTAL,TOTAL,,,}}{202901,,2542898,,2022-08-16,2022-08-16,08-16,16:30,16:30,2022-08-16 16:30:00,,,,,,,{Fremad Amager,Fremad Amager,,,,Hvidovre,Hvidovre,,,,DRAW,DRAW,,,,TOTAL,TOTAL,,,}}{202905,,2542899,,2022-08-16,2022-08-16,08-16,17:00,17:00,2022-08-16 17:00:00,,,,,,,{Nykobing,Nykobing,,,,HB Koge,HB Koge,,,,DRAW,DRAW,,,,TOTAL,TOTAL,,,}}{202909,,2542900,,2022-08-16,2022-08-16,08-16,17:00,17:00,2022-08-16 17:00:00,,,,,,,{Hobro IK,Hobro IK,,,,Vendsyssel,Vendsyssel,,,,DRAW,DRAW,,,,TOTAL,TOTAL,,,}}}{{header22,5,55,1,164694,"ENGLAND CHAMPIONSHIP - Tuesday, August 16th",,2022-08-16},{200345,,2528808,,2022-08-16,2022-08-16,08-16,18:45,18:45,2022-08-16 18:45:00,,,,,,,{Wigan Athletic,Wigan Athletic,,,,Coventry City,Coventry City,,,,DRAW,DRAW,,,,TOTAL,TOTAL,,,}}{200349,,2528809,,2022-08-16,2022-08-16,08-16,18:45,18:45,2022-08-16 18:45:00,,,,,,,{Hull City,Hull City,,,,Burnley FC,Burnley FC,,,,DRAW,DRAW,,,,TOTAL,TOTAL,,,}}{200353,,2528810,,2022-08-16,2022-08-16,08-16,18:45,18:45,2022-08-16 18:45:00,,,,,,,{Rotherham,Rotherham,,,,Preston,Preston,,,,DRAW,DRAW,,,,TOTAL,TOTAL,,,}}{200357,,2528811,,2022-08-16,2022-08-16,08-16,18:45,18:45,2022-08-16 18:45:00,,,,,,,{Luton Town,Luton Town,,,,Bristol City,Bristol City,,,,DRAW,DRAW,,,,TOTAL,TOTAL,,,}}{200361,,2528812,,2022-08-16,2022-08-16,08-16,18:45,18:45,2022-08-16 18:45:00,,,,,,,{Huddersfield Town,Huddersfield Town,,,,Norwich City,Norwich City,,,,DRAW,DRAW,,,,TOTAL,TOTAL,,,}}{200365,,2528813,,2022-08-16,2022-08-16,08-16,18:45,18:45,2022-08-16 18:45:00,,,,,,,{Millwall,Millwall,,,,Swansea City,Swansea City,,,,DRAW,DRAW,,,,TOTAL,TOTAL,,,}}{200369,,2528814,,2022-08-16,2022-08-16,08-16,18:45,18:45,2022-08-16 18:45:00,,,,,,,{Watford,Watford,,,,Birmingham City,Birmingham City,,,,DRAW,DRAW,,,,TOTAL,TOTAL,,,}}{200373,,2528815,,2022-08-16,2022-08-16,08-16,19:00,19:00,2022-08-16 19:00:00,,,,,,,{Blackpool,Blackpool,,,,Queens Park Rangers,Queens Park Rangers,,,,DRAW,DRAW,,,,TOTAL,TOTAL,,,}}}{{header24,5,9,1,164695,"ENGLAND LEAGUE 1 - Tuesday, August 16th",,2022-08-16},{200961,,2528816,,2022-08-16,2022-08-16,08-16,18:45,18:45,2022-08-16 18:45:00,,,,,,,{Bristol Rovers,Bristol Rovers,,,,Barnsley,Barnsley,,,,Draw,Draw,,,,Total,Total,,,}}{200965,,2528817,,2022-08-16,2022-08-16,08-16,18:45,18:45,2022-08-16 18:45:00,,,,,,,{Morecambe,Morecambe,,,,Bolton,Bolton,,,,Draw,Draw,,,,Total,Total,,,}}{200969,,2528818,,2022-08-16,2022-08-16,08-16,18:45,18:45,2022-08-16 18:45:00,,,,,,,{Accrington Stanley,Accrington Stanley,,,,Forest Green Rovers,Forest Green Rovers,,,,Draw,Draw,,,,Total,Total,,,}}{200973,,2528819,,2022-08-16,2022-08-16,08-16,18:45,18:45,2022-08-16 18:45:00,,,,,,,{Plymouth Argyle,Plymouth Argyle,,,,Charlton,Charlton,,,,Draw,Draw,,,,Total,Total,,,}}{200977,,2528820,,2022-08-16,2022-08-16,08-16,18:45,18:45,2022-08-16 18:45:00,,,,,,,{Sheffield Wednesday,Sheffield Wednesday,,,,Peterborough,Peterborough,,,,Draw,Draw,,,,Total,Total,,,}}{200981,,2528821,,2022-08-16,2022-08-16,08-16,18:45,18:45,2022-08-16 18:45:00,,,,,,,{Derby County,Derby County,,,,Shrewsbury Town,Shrewsbury Town,,,,Draw,Draw,,,,Total,Total,,,}}{200985,,2528822,,2022-08-16,2022-08-16,08-16,18:45,18:45,2022-08-16 18:45:00,,,,,,,{Lincoln City,Lincoln City,,,,Oxford Utd,Oxford Utd,,,,Draw,Draw,,,,Total,Total,,,}}{200989,,2528823,,2022-08-16,2022-08-16,08-16,18:45,18:45,2022-08-16 18:45:00,,,,,,,{Wycombe Wanderers,Wycombe Wanderers,,,,Exeter City,Exeter City,,,,Draw,Draw,,,,Total,Total,,,}}{200993,,2528824,,2022-08-16,2022-08-16,08-16,18:45,18:45,2022-08-16 18:45:00,,,,,,,{Port Vale,Port Vale,,,,Milton Keynes Dons,Milton Keynes Dons,,,,Draw,Draw,,,,Total,Total,,,}}{200997,,2528825,,2022-08-16,2022-08-16,08-16,18:45,18:45,2022-08-16 18:45:00,,,,,,,{Ipswich Town,Ipswich Town,,,,Burton Albion,Burton Albion,,,,Draw,Draw,,,,Total,Total,,,}}{201001,,2528826,,2022-08-16,2022-08-16,08-16,18:45,18:45,2022-08-16 18:45:00,,,,,,,{Cheltenham Town,Cheltenham Town,,,,Fleetwood Town,Fleetwood Town,,,,Draw,Draw,,,,Total,Total,,,}}{201005,,2528827,,2022-08-16,2022-08-16,08-16,18:45,18:45,2022-08-16 18:45:00,,,,,,,{Cambridge United,Cambridge United,,,,Portsmouth,Portsmouth,,,,Draw,Draw,,,,Total,Total,,,}}}{{header26,5,9,1,164696,"ENGLAND LEAGUE 2 - Tuesday, August 16th",,2022-08-16},{201149,,2528828,,2022-08-16,2022-08-16,08-16,18:45,18:45,2022-08-16 18:45:00,,,,,,,{Rochdale,Rochdale,,,,Stevenage,Stevenage,,,,Draw,Draw,,,,Total,Total,,,}}{201153,,2528829,,2022-08-16,2022-08-16,08-16,18:45,18:45,2022-08-16 18:45:00,,,,,,,{Bradford City,Bradford City,,,,Colchester United,Colchester United,,,,Draw,Draw,,,,Total,Total,,,}}{201157,,2528830,,2022-08-16,2022-08-16,08-16,18:45,18:45,2022-08-16 18:45:00,,,,,,,{Walsall,Walsall,,,,Barrow,Barrow,,,,Draw,Draw,,,,Total,Total,,,}}{201161,,2528831,,2022-08-16,2022-08-16,08-16,18:45,18:45,2022-08-16 18:45:00,,,,,,,{AFC Wimbledon,AFC Wimbledon,,,,Mansfield,Mansfield,,,,Draw,Draw,,,,Total,Total,,,}}{201165,,2528832,,2022-08-16,2022-08-16,08-16,18:45,18:45,2022-08-16 18:45:00,,,,,,,{Sutton United,Sutton United,,,,Crewe Alexandra,Crewe Alexandra,,,,Draw,Draw,,,,Total,Total,,,}}{201169,,2528833,,2022-08-16,2022-08-16,08-16,18:45,18:45,2022-08-16 18:45:00,,,,,,,{Salford City,Salford City,,,,Newport County,Newport County,,,,Draw,Draw,,,,Total,Total,,,}}{201173,,2528834,,2022-08-16,2022-08-16,08-16,18:45,18:45,2022-08-16 18:45:00,,,,,,,{Leyton Orient,Leyton Orient,,,,Swindon Town,Swindon Town,,,,Draw,Draw,,,,Total,Total,,,}}{201177,,2528835,,2022-08-16,2022-08-16,08-16,18:45,18:45,2022-08-16 18:45:00,,,,,,,{Harrogate Town,Harrogate Town,,,,Gillingham,Gillingham,,,,Draw,Draw,,,,Total,Total,,,}}{201181,,2528836,,2022-08-16,2022-08-16,08-16,18:45,18:45,2022-08-16 18:45:00,,,,,,,{Northampton Town,Northampton Town,,,,Crawley Town,Crawley Town,,,,Draw,Draw,,,,Total,Total,,,}}{201185,,2528837,,2022-08-16,2022-08-16,08-16,18:45,18:45,2022-08-16 18:45:00,,,,,,,{Tranmere Rovers,Tranmere Rovers,,,,Hartlepool United,Hartlepool United,,,,Draw,Draw,,,,Total,Total,,,}}{201189,,2528838,,2022-08-16,2022-08-16,08-16,18:45,18:45,2022-08-16 18:45:00,,,,,,,{Carlisle United,Carlisle United,,,,Grimsby Town,Grimsby Town,,,,Draw,Draw,,,,Total,Total,,,}}{201193,,2528839,,2022-08-16,2022-08-16,08-16,18:45,18:45,2022-08-16 18:45:00,,,,,,,{Stockport County,Stockport County,,,,Doncaster,Doncaster,,,,Draw,Draw,,,,Total,Total,,,}}}{{header28,5,9,1,164697,"ENGLAND VANARAMA NATIONAL LEAGUE - Tuesday, August 16th",,2022-08-16},{226141,,2528840,,2022-08-16,2022-08-16,08-16,18:45,18:45,2022-08-16 18:45:00,,,,,,,{Southend,Southend,,,,Halifax Town,Halifax Town,,,,Draw,Draw,,,,Total,Total,,,}}{226145,,2528841,,2022-08-16,2022-08-16,08-16,18:45,18:45,2022-08-16 18:45:00,,,,,,,{Dagenham and Redbridge,Dagenham and Redbridge,,,,Eastleigh,Eastleigh,,,,Draw,Draw,,,,Total,Total,,,}}{226149,,2528842,,2022-08-16,2022-08-16,08-16,18:45,18:45,2022-08-16 18:45:00,,,,,,,{Wealdstone,Wealdstone,,,,Oldham Athletic,Oldham Athletic,,,,Draw,Draw,,,,Total,Total,,,}}{226153,,2528843,,2022-08-16,2022-08-16,08-16,18:45,18:45,2022-08-16 18:45:00,,,,,,,{Wrexham,Wrexham,,,,Chesterfield,Chesterfield,,,,Draw,Draw,,,,Total,Total,,,}}{226157,,2528844,,2022-08-16,2022-08-16,08-16,18:45,18:45,2022-08-16 18:45:00,,,,,,,{Aldershot Town,Aldershot Town,,,,Boreham Wood,Boreham Wood,,,,Draw,Draw,,,,Total,Total,,,}}{226161,,2528845,,2022-08-16,2022-08-16,08-16,18:45,18:45,2022-08-16 18:45:00,,,,,,,{Torquay United,Torquay United,,,,Bromley,Bromley,,,,Draw,Draw,,,,Total,Total,,,}}{226165,,2528846,,2022-08-16,2022-08-16,08-16,18:45,18:45,2022-08-16 18:45:00,,,,,,,{Notts County,Notts County,,,,Gateshead,Gateshead,,,,Draw,Draw,,,,Total,Total,,,}}{226169,,2528847,,2022-08-16,2022-08-16,08-16,18:45,18:45,2022-08-16 18:45:00,,,,,,,{Scunthorpe United,Scunthorpe United,,,,Woking,Woking,,,,Draw,Draw,,,,Total,Total,,,}}{226173,,2528848,,2022-08-16,2022-08-16,08-16,18:45,18:45,2022-08-16 18:45:00,,,,,,,{Barnet,Barnet,,,,Yeovil Town,Yeovil Town,,,,Draw,Draw,,,,Total,Total,,,}}{226177,,2528849,,2022-08-16,2022-08-16,08-16,18:45,18:45,2022-08-16 18:45:00,,,,,,,{Altrincham,Altrincham,,,,Maidenhead United,Maidenhead United,,,,Draw,Draw,,,,Total,Total,,,}}{226181,,2528850,,2022-08-16,2022-08-16,08-16,18:45,18:45,2022-08-16 18:45:00,,,,,,,{Dorking Wanderers,Dorking Wanderers,,,,Maidstone United,Maidstone United,,,,Draw,Draw,,,,Total,Total,,,}}}{{header32,5,21,1,164699,"MAJOR LEAGUE SOCCER - Tuesday, August 16th",,2022-08-16},{209957,,2528854,,2022-08-16,2022-08-16,08-16,02:30,02:30,2022-08-17 02:30:00,,,,,,,{D.C. United,D.C. United,,,,Los Angeles FC,Los Angeles FC,,,,DRAW,DRAW,,,,TOTAL,TOTAL,,,}}}{{header58,5,21,1,165019,"MAJOR LEAGUE SOCCER IN-GAME LINES -",,2022-08-16},{299957,,2566245,,2022-08-16,2022-08-16,08-16,06:50,06:50,2022-08-17 06:50:00,,,,,,,{D.C. United,D.C. United,,,,Los Angeles FC,Los Angeles FC,,,,DRAW,DRAW,,,,TOTAL,TOTAL,,,}}}{{header30,5,26,1,164698,"MEXICO LIGA MX - Tuesday, August 16th",,2022-08-16},{209377,,2528851,,2022-08-16,2022-08-16,08-16,00:00,00:00,2022-08-17 00:00:00,,,,,,,{Queretaro,Queretaro,,,,Mazatlan,Mazatlan,,,,DRAW,DRAW,,,,TOTAL,TOTAL,,,}}{209381,,2528852,,2022-08-16,2022-08-16,08-16,00:00,00:00,2022-08-17 00:00:00,,,,,,,{Juarez,Juarez,,,,Atlas,Atlas,,,,DRAW,DRAW,,,,TOTAL,TOTAL,,,}}{209385,,2528853,,2022-08-16,2022-08-16,08-16,02:05,02:05,2022-08-17 02:05:00,,,,,,,{Necaxa,Necaxa,,,,Puebla,Puebla,,,,DRAW,DRAW,,,,TOTAL,TOTAL,,,}}}{{header34,5,9,1,164700,"MEXICO LIGA DE ASCENSO - Tuesday, August 16th",,2022-08-16},{219081,,2528855,,2022-08-16,2022-08-16,08-16,22:05,22:05,2022-08-16 22:05:00,,,,,,,{CA La Paz,CA La Paz,,,,Mineros de Zacatecas,Mineros de Zacatecas,,,,Draw,Draw,,,,Total,Total,,,}}{219085,,2528856,,2022-08-16,2022-08-16,08-16,00:05,00:05,2022-08-17 00:05:00,,,,,,,{Alebrijes de Oaxaca,Alebrijes de Oaxaca,,,,Cancun,Cancun,,,,Draw,Draw,,,,Total,Total,,,}}{219089,,2528857,,2022-08-16,2022-08-16,08-16,02:05,02:05,2022-08-17 02:05:00,,,,,,,{Venados,Venados,,,,Raya 2,Raya 2,,,,Draw,Draw,,,,Total,Total,,,}}}{{header60,5,9,1,165020,"SOUTH AFRICA PREMIER LEAGUE - Tuesday, August 16th",,2022-08-16},{222025,,2566246,,2022-08-16,2022-08-16,08-16,17:30,17:30,2022-08-16 17:30:00,,,,,,,{Maritzburg United,Maritzburg United,,,,Cape Town City,Cape Town City,,,,Draw,Draw,,,,Total,Total,,,}}}{{header36,5,9,1,164701,"SWEDEN SUPERETTAN - Tuesday, August 16th",,2022-08-16},{222377,,2528858,,2022-08-16,2022-08-16,08-16,17:00,17:00,2022-08-16 17:00:00,,,,,,,{Orebro,Orebro,,,,Oster,Oster,,,,Draw,Draw,,,,Total,Total,,,}}{222381,,2528859,,2022-08-16,2022-08-16,08-16,17:00,17:00,2022-08-16 17:00:00,,,,,,,{Trelleborg FF,Trelleborg FF,,,,Vasteras SK,Vasteras SK,,,,Draw,Draw,,,,Total,Total,,,}}}{{header40,5,32,1,164704,"UEFA CHAMPIONS LEAGUE - Tuesday, August 16th",,2022-08-16},{224209,,2528866,,2022-08-16,2022-08-16,08-16,19:00,19:00,2022-08-16 19:00:00,,,,,,,{PSV Eindhoven,PSV Eindhoven,,,,RANGERS,RANGERS,,,,DRAW,DRAW,,,,TOTAL,TOTAL,,,}}{224217,,2528868,,2022-08-16,2022-08-16,08-16,19:00,19:00,2022-08-16 19:00:00,,,,,,,{Dinamo Zagreb,Dinamo Zagreb,,,,Bodo Glimt,Bodo Glimt,,,,DRAW,DRAW,,,,TOTAL,TOTAL,,,}}{224221,,2528869,,2022-08-16,2022-08-16,08-16,19:00,19:00,2022-08-16 19:00:00,,,,,,,{Trabzonspor,Trabzonspor,,,,FC Copenhagen,FC Copenhagen,,,,DRAW,DRAW,,,,TOTAL,TOTAL,,,}}}{{header38,5,9,1,164703,"UZBEKISTAN PFL - Tuesday, August 16th",,2022-08-16},{223465,,2528863,,2022-08-16,2022-08-16,08-16,15:00,15:00,2022-08-16 15:00:00,,,,,,,{Bunyodkor,Bunyodkor,,,,Lokomotiv Tashkent,Lokomotiv Tashkent,,,,Draw,Draw,,,,Total,Total,,,}}{223469,,2528862,,2022-08-16,2022-08-16,08-16,14:00,14:00,2022-08-16 14:00:00,,,,,,,{Navbahor,Navbahor,,,,Kokand-1912,Kokand-1912,,,,Draw,Draw,,,,Total,Total,,,}}}{{header84,6,135,1,165492,"DWCS CONTENDER SERIES WEEK 4 - Tuesday, August 16th",,2022-08-16},{24001,,2601135,,2022-08-16,2022-08-16,08-16,02:10,02:10,2022-08-17 02:10:00,,,,,,,{Thomas Paull,Thomas Paull,,,,Esteban Ribovics,Esteban Ribovics,,,}}{24005,,2601136,,2022-08-16,2022-08-16,08-16,01:51,01:51,2022-08-17 01:51:00,,,,,,,{Claudio Ribeiro,Claudio Ribeiro,,,,Ivan Valenzuela,Ivan Valenzuela,,,}}{24009,,2601137,,2022-08-16,2022-08-16,08-16,01:19,01:19,2022-08-17 01:19:00,,,,,,,{Jose Johnson,Jose Johnson,,,,Jack Cartwright,Jack Cartwright,,,}}{24013,,2601138,,2022-08-16,2022-08-16,08-16,00:46,00:46,2022-08-17 00:46:00,,,,,,,{Hailey Cowan,Hailey Cowan,,,,Claudia Leite,Claudia Leite,,,}}{24017,,2601139,,2022-08-16,2022-08-16,08-16,00:13,00:13,2022-08-17 00:13:00,,,,,,,{Nazim Sadykhov,Nazim Sadykhov,,,,Ahmad Suhail Hassanzada,Ahmad Suhail Hassanzada,,,}}{24021,,2601140,,2022-08-16,2022-08-16,08-16,00:00,00:00,2022-08-17 00:00:00,,,,,,,{&nbsp;,&nbsp;,,,,&nbsp;,&nbsp;,,,}}}{{header45,8,97,1,165471,"MEN'S TENNIS - WESTERN & SOUTHERN OPEN (Round of 64) - Cincinnati, OH, USA (Hard)",,2022-08-16},{8005,,2599595,,2022-08-16,2022-08-16,08-16,15:05,15:05,2022-08-16 15:05:00,,,,,,,{Tommy Paul,Tommy Paul,,,,Jenson Brooksby,Jenson Brooksby,,,}}{8009,,2599596,,2022-08-16,2022-08-16,08-16,18:30,18:30,2022-08-16 18:30:00,,,,,,,{Taylor Fritz,Taylor Fritz,,,,Sebastian Baez,null,,,}}{8011,,2599597,,2022-08-16,2022-08-16,08-16,18:35,18:35,2022-08-16 18:35:00,,,,,,,{Nick Kyrgios,Nick Kyrgios,,,,Alejandro D Fokina,null,,,}}{8013,,2599598,,2022-08-16,2022-08-16,08-16,16:30,16:30,2022-08-16 16:30:00,,,,,,,{Albert Ramos-Vinolas,Albert Ramos-Vinolas,,,,Fabio Fognini,null,,,}}{8019,,2599599,,2022-08-16,2022-08-16,08-16,23:20,23:20,2022-08-16 23:20:00,,,,,,,{Filip Krajinovic,Filip Krajinovic,,,,Daniel Evans,Daniel Evans,,,}}{8035,,2599600,,2022-08-16,2022-08-16,08-16,19:15,19:15,2022-08-16 19:15:00,,,,,,,{Lorenzo Sonego,null,,,,Ben Shelton,Ben Shelton,,,}}{8051,,2599601,,2022-08-16,2022-08-16,08-16,16:25,16:25,2022-08-16 16:25:00,,,,,,,{Henri Laaksonen,Henri Laaksonen,,,,Alex De Minaur,null,,,}}{8053,,2599602,,2022-08-16,2022-08-16,08-16,18:20,18:20,2022-08-16 18:20:00,,,,,,,{Pablo Carreno Busta,Pablo Carreno Busta,,,,Miomir Kecmanovic,null,,,}}{8055,,2599603,,2022-08-16,2022-08-16,08-16,15:05,15:05,2022-08-16 15:05:00,,,,,,,{Thanasi Kokkinakis,Thanasi Kokkinakis,,,,Jannik Sinner,Jannik Sinner,,,}}{8061,,2599604,,2022-08-16,2022-08-16,08-16,15:05,15:05,2022-08-16 15:05:00,,,,,,,{Borna Coric,Borna Coric,,,,Lorenzo Musetti,null,,,}}}{{header51,8,97,1,165563,"MEN'S TENNIS - WESTERN & SOUTHERN OPEN (Round of 32) - Cincinnati, OH, USA (Hard)",,2022-08-16},{8065,,2566177,,2022-08-16,2022-08-16,08-16,00:35,00:35,2022-08-17 00:35:00,,,,,,,{Daniil Medvedev,Daniil Medvedev,,,,Botic Van de Zandschulp,null,,,}}{8075,,2566182,,2022-08-16,2022-08-16,08-16,01:00,01:00,2022-08-17 01:00:00,,,,,,,{Asian Karatsev,null,,,,Diego Schwartzman,Diego Schwartzman,,,}}{8085,,2566187,,2022-08-16,2022-08-16,08-16,00:27,00:27,2022-08-17 00:27:00,,,,,,,{Marin Cilic,Marin Cilic,,,,Emil Ruusuvuori,Emil Ruusuvuori,,,}}{8087,,2566188,,2022-08-16,2022-08-16,08-16,23:05,23:05,2022-08-16 23:05:00,,,,,,,{Mackenzie McDonald,Mackenzie McDonald,,,,Carlos Alcaraz,Carlos Alcaraz,,,}}}{{header48,8,98,1,165472,"WOMEN'S TENNIS - WESTERN & SOUTHERN OPEN (Round of 64) - Cincinnati, OH, USA (Hard)",,2022-08-16},{8505,,2599605,,2022-08-16,2022-08-16,08-16,01:10,01:10,2022-08-17 01:10:00,,,,,,,{Madison Keys,Madison Keys,,,,Yulia Putintseva,null,,,}}{8507,,2599606,,2022-08-16,2022-08-16,08-16,23:45,23:45,2022-08-16 23:45:00,,,,,,,{Beatriz Haddad Maia,Beatriz Haddad Maia,,,,Jelena Ostapenko,Jelena Ostapenko,,,}}{8509,,2599607,,2022-08-16,2022-08-16,08-16,19:50,19:50,2022-08-16 19:50:00,,,,,,,{Coco Gauff,Coco Gauff,,,,Marie Bouzkova,Marie Bouzkova,,,}}{8523,,2599608,,2022-08-16,2022-08-16,08-16,21:05,21:05,2022-08-16 21:05:00,,,,,,,{Anastasia Potapova,Anastasia Potapova,,,,Simona Halep,Simona Halep,,,}}{8525,,2599609,,2022-08-16,2022-08-16,08-16,15:05,15:05,2022-08-16 15:05:00,,,,,,,{Belinda Bencic,Belinda Bencic,,,,Sorana Cirstea,Sorana Cirstea,,,}}{8535,,2599610,,2022-08-16,2022-08-16,08-16,17:10,17:10,2022-08-16 17:10:00,,,,,,,{Marta Kostyuk,Marta Kostyuk,,,,Camila Giorgi,Camila Giorgi,,,}}{8539,,2599611,,2022-08-16,2022-08-16,08-16,23:10,23:10,2022-08-16 23:10:00,,,,,,,{Serena Williams,Serena Williams,,,,Emma Raducanu,Emma Raducanu,,,}}{8541,,2599612,,2022-08-16,2022-08-16,08-16,16:30,16:30,2022-08-16 16:30:00,,,,,,,{Karolina Pliskova,null,,,,Venus Williams,Venus Williams,,,}}{8543,,2599613,,2022-08-16,2022-08-16,08-16,15:05,15:05,2022-08-16 15:05:00,,,,,,,{Anhelina Kalinina,Anhelina Kalinina,,,,Elise Mertens,Elise Mertens,,,}}{8551,,2599614,,2022-08-16,2022-08-16,08-16,16:20,16:20,2022-08-16 16:20:00,,,,,,,{Martina Trevisan,Martina Trevisan,,,,Anna Kalinskaya,Anna Kalinskaya,,,}}{8553,,2599615,,2022-08-16,2022-08-16,08-16,17:50,17:50,2022-08-16 17:50:00,,,,,,,{Sofia Kenin,Sofia Kenin,,,,Shelby Rogers,Shelby Rogers,,,}}{8559,,2599616,,2022-08-16,2022-08-16,08-16,15:05,15:05,2022-08-16 15:05:00,,,,,,,{Naomi Osaka,Naomi Osaka,,,,Shuai Zhang,Shuai Zhang,,,}}}{{header54,8,98,1,165564,"WOMEN'S TENNIS - WESTERN & SOUTHERN OPEN (Round of 32) - Cincinnati, OH, USA (Hard)",,2022-08-16},{8587,,2601882,,2022-08-16,2022-08-16,08-16,00:35,00:35,2022-08-17 00:35:00,,,,,,,{Caroline Garcia,Caroline Garcia,,,,Maria Sakkari,null,,,}}{8595,,2601883,,2022-08-16,2022-08-16,08-16,19:55,19:55,2022-08-16 19:55:00,,,,,,,{Tereza Martincova,Tereza Martincova,,,,Anett Kontaveit,Anett Kontaveit,,,}}}