{0,All sports,2025-10-29 12:41:13 Pacific Time}{{header3,1,2,1,169966,"COLLEGE FOOTBALL - Saturday, September 24th",,2022-09-24},{313,,3123505,,2022-09-24,2022-09-24,09-24,16:00,16:00,2022-09-24 16:00:00,,,,,,,{Baylor,BAY,,,,Iowa State,ISU,,,}}{315,,3123482,,2022-09-24,2022-09-24,09-24,23:00,23:00,2022-09-24 23:00:00,,,,,,,{Northern Illinois,NIU,,,,Kentucky,UK,,,}}{317,,3123483,,2022-09-24,2022-09-24,09-24,23:30,23:30,2022-09-24 23:30:00,,,,,,,{Charlotte,CHAR,,,,South Carolina,SOCAR,,,}}{319,,3123484,,2022-09-24,2022-09-24,09-24,18:00,18:00,2022-09-24 18:00:00,,,,,,,{Massachusetts,MASS,,,,Temple,TEM,,,}}{321,,3123485,,2022-09-24,2022-09-24,09-24,16:00,16:00,2022-09-24 16:00:00,,,,,,,{Kent State,KENT,,,,Georgia,UGA,,,}}{323,,3123486,,2022-09-24,2022-09-24,09-24,19:40,19:40,2022-09-24 19:40:00,,,,,,,{Notre Dame,ND,,,,North Carolina,UNC,,,}}{325,,3123487,,2022-09-24,2022-09-24,09-24,19:42,19:42,2022-09-24 19:42:00,,,,,,,{Middle Tennessee St.,MTU,,,,Miami Florida,MIA,,,}}{327,,3123488,,2022-09-24,2022-09-24,09-24,16:10,16:10,2022-09-24 16:10:00,,,,,,,{Maryland,MD,,,,Michigan,MICH,,,}}{329,,3123489,,2022-09-24,2022-09-24,09-24,23:30,23:30,2022-09-24 23:30:00,,,,,,,{Connecticut,CONN,,,,NC State,NCST,,,}}{331,,3123490,,2022-09-24,2022-09-24,09-24,16:00,16:00,2022-09-24 16:00:00,,,,,,,{Central Michigan,CMU,,,,Penn State,PSU,,,}}{333,,3123491,,2022-09-24,2022-09-24,09-24,20:00,20:00,2022-09-24 20:00:00,,,,,,,{Georgia Tech,GT,,,,Central Florida,UCF,,,}}{335,,3123492,,2022-09-24,2022-09-24,09-24,16:00,16:00,2022-09-24 16:00:00,,,,,,,{South Florida,USF,,,,Louisville,LOU,,,}}{337,,3123493,,2022-09-24,2022-09-24,09-24,19:40,19:40,2022-09-24 19:40:00,,,,,,,{Minnesota,MINN,,,,Michigan State,MSU,,,}}{339,,3123494,,2022-09-24,2022-09-24,09-24,16:00,16:00,2022-09-24 16:00:00,,,,,,,{Clemson,CLEM,,,,Wake Forest,WAKE,,,}}{341,,3123495,,2022-09-24,2022-09-24,09-24,23:30,23:30,2022-09-24 23:30:00,,,,,,,{Wisconsin,WIS,,,,Ohio State,OSU,,,}}{343,,3123496,,2022-09-24,2022-09-24,09-24,22:00,22:00,2022-09-24 22:00:00,,,,,,,{Akron,AKR,,,,Liberty,LIB,,,}}{345,,3123497,,2022-09-24,2022-09-24,09-24,00:00,00:00,2022-09-25 00:00:00,,,,,,,{Boston College,BC,,,,Florida State,FSU,,,}}{347,,3123498,,2022-09-24,2022-09-24,09-24,19:30,19:30,2022-09-24 19:30:00,,,,,,,{Florida,FLA,,,,Tennessee,TENN,,,}}{349,,3123499,,2022-09-24,2022-09-24,09-24,19:30,19:30,2022-09-24 19:30:00,,,,,,,{Indiana,IND,,,,Cincinnati,CIN,,,}}{351,,3123500,,2022-09-24,2022-09-24,09-24,22:00,22:00,2022-09-24 22:00:00,,,,,,,{Navy,NAVY,,,,East Carolina,ECU,,,}}{353,,3123501,,2022-09-24,2022-09-24,09-24,22:00,22:00,2022-09-24 22:00:00,,,,,,,{Ball State,BALL,,,,Georgia Southern,GASO,,,}}{355,,3123502,,2022-09-24,2022-09-24,09-24,16:00,16:00,2022-09-24 16:00:00,,,,,,,{Buffalo,BUFF,,,,Eastern Michigan,EMU,,,}}{357,,3123503,,2022-09-24,2022-09-24,09-24,19:30,19:30,2022-09-24 19:30:00,,,,,,,{James Madison,JMU,,,,Appalachian State,APP,,,}}{359,,3123481,,2022-09-24,2022-09-24,09-24,23:10,23:10,2022-09-24 23:10:00,,,,,,,{Iowa,IOWA,,,,Rutgers,RUTG,,,}}{361,,3123512,,2022-09-24,2022-09-24,09-24,16:00,16:00,2022-09-24 16:00:00,,,,,,,{Duke,DUKE,,,,Kansas,KU,,,}}{363,,3123507,,2022-09-24,2022-09-24,09-24,23:30,23:30,2022-09-24 23:30:00,,,,,,,{Miami Ohio,MOH,,,,Northwestern,NW,,,}}{365,,3123535,,2022-09-24,2022-09-24,09-24,22:00,22:00,2022-09-24 22:00:00,,,,,,,{Arkansas State,ARST,,,,Old Dominion,ODU,,,}}{367,,3123522,,2022-09-24,2022-09-24,09-24,18:00,18:00,2022-09-24 18:00:00,,,,,,,{UCLA,UCLA,,,,Colorado,COLO,,,}}{369,,3123523,,2022-09-24,2022-09-24,09-24,02:25,02:25,2022-09-25 02:25:00,,,,,,,{Wyoming,WYO,,,,BYU,BYU,,,}}{371,,3123521,,2022-09-24,2022-09-24,09-24,00:00,00:00,2022-09-25 00:00:00,,,,,,,{Hawaii,HAW,,,,New Mexico State,NMSU,,,}}{373,,3123529,,2022-09-24,2022-09-24,09-24,02:30,02:30,2022-09-25 02:30:00,,,,,,,{Utah,UTAH,,,,Arizona State,ASU,,,}}{375,,3123528,,2022-09-24,2022-09-24,09-24,01:30,01:30,2022-09-25 01:30:00,,,,,,,{USC,USC,,,,Oregon State,ORST,,,}}{377,,3123525,,2022-09-24,2022-09-24,09-24,19:30,19:30,2022-09-24 19:30:00,,,,,,,{Toledo,TOL,,,,San Diego State,SDSU,,,}}{379,,3123524,,2022-09-24,2022-09-24,09-24,20:00,20:00,2022-09-24 20:00:00,,,,,,,{Oregon,ORE,,,,Washington State,WSU,,,}}{381,,3123526,,2022-09-24,2022-09-24,09-24,21:30,21:30,2022-09-24 21:30:00,,,,,,,{Arizona,ARIZ,,,,California,CAL,,,}}{383,,3123527,,2022-09-24,2022-09-24,09-24,02:30,02:30,2022-09-25 02:30:00,,,,,,,{Stanford,STAN,,,,Washington,WASH,,,}}{385,,3123520,,2022-09-24,2022-09-24,09-24,23:00,23:00,2022-09-24 23:00:00,,,,,,,{Marshall,MRSH,,,,Troy,TROY,,,}}{387,,3123518,,2022-09-24,2022-09-24,09-24,23:00,23:00,2022-09-24 23:00:00,,,,,,,{Louisiana Tech,LT,,,,South Alabama,USA,,,}}{389,,3123514,,2022-09-24,2022-09-24,09-24,16:00,16:00,2022-09-24 16:00:00,,,,,,,{Bowling Green,BGSU,,,,Mississippi State,MSST,,,}}{391,,3123515,,2022-09-24,2022-09-24,09-24,00:05,00:05,2022-09-25 00:05:00,,,,,,,{Kansas State,KSU,,,,Oklahoma,OKLA,,,}}{393,,3123504,,2022-09-24,2022-09-24,09-24,20:02,20:02,2022-09-24 20:02:00,,,,,,,{Tulsa,TLSA,,,,Mississippi,MISS,,,}}{395,,3123510,,2022-09-24,2022-09-24,09-24,23:30,23:30,2022-09-24 23:30:00,,,,,,,{Vanderbilt,VAN,,,,Alabama,ALA,,,}}{397,,3123509,,2022-09-24,2022-09-24,09-24,16:00,16:00,2022-09-24 16:00:00,,,,,,,{TCU,TCU,,,,SMU,SMU,,,}}{399,,3123506,,2022-09-24,2022-09-24,09-24,19:30,19:30,2022-09-24 19:30:00,,,,,,,{Texas,TEX,,,,Texas Tech,TTU,,,}}{401,,3123519,,2022-09-24,2022-09-24,09-24,00:00,00:00,2022-09-25 00:00:00,,,,,,,{UL Lafayette,ULL,,,,UL Monroe,ULM,,,}}{403,,3123513,,2022-09-24,2022-09-24,09-24,23:00,23:00,2022-09-24 23:00:00,,1,"AT&T Stadium","Arlington, TX",,,{Arkansas,ARK,,,,Texas A&M,TAM,,,}}{405,,3123511,,2022-09-24,2022-09-24,09-24,22:00,22:00,2022-09-24 22:00:00,,,,,,,{Rice,RICE,,,,Houston,HOU,,,}}{407,,3123516,,2022-09-24,2022-09-24,09-24,19:30,19:30,2022-09-24 19:30:00,,,,,,,{North Texas,UNT,,,,Memphis,MEM,,,}}{409,,3123517,,2022-09-24,2022-09-24,09-24,23:00,23:00,2022-09-24 23:00:00,,,,,,,{Southern Miss,USM,,,,Tulane,TULN,,,}}{411,,3123508,,2022-09-24,2022-09-24,09-24,16:00,16:00,2022-09-24 16:00:00,,,,,,,{Missouri,MIZZ,,,,Auburn,AUB,,,}}{413,,3123530,,2022-09-24,2022-09-24,09-24,19:30,19:30,2022-09-24 19:30:00,,,,,,,{Florida International,FIU,,,,Western Kentucky,WKU,,,}}{415,,3123531,,2022-09-24,2022-09-24,09-24,23:00,23:00,2022-09-24 23:00:00,,,,,,,{UNLV,UNLV,,,,Utah State,USU,,,}}{417,,3123532,,2022-09-24,2022-09-24,09-24,23:30,23:30,2022-09-24 23:30:00,,,,,,,{Florida Atlantic,FAU,,,,Purdue,PUR,,,}}{419,,3123533,,2022-09-24,2022-09-24,09-24,23:30,23:30,2022-09-24 23:30:00,,,,,,,{New Mexico,UNM,,,,LSU,LSU,,,}}{421,,3123534,,2022-09-24,2022-09-24,09-24,02:30,02:30,2022-09-25 02:30:00,,,,,,,{Western Michigan,WMU,,,,San Jose State,SJSU,,,}}}{{header38,1,2,1,169977,"COLLEGE FOOTBALL - Saturday, September 24th  -  FCS -",,2022-09-24},{309065,,3123564,,2022-09-24,2022-09-24,09-24,16:00,16:00,2022-09-24 16:00:00,,,,,,,{Furman,FUR,,,,Charleston Southern,CHSO,,,}}{309067,,3123608,,2022-09-24,2022-09-24,09-24,16:00,16:00,2022-09-24 16:00:00,,,,,,,{East Tenn State,ETSU,,,,Robert Morris,RMU,,,}}{309069,,3123565,,2022-09-24,2022-09-24,09-24,16:30,16:30,2022-09-24 16:30:00,,,,,,,{Harvard,HARV,,,,Brown,BRWN,,,}}{309071,,3123566,,2022-09-24,2022-09-24,09-24,16:30,16:30,2022-09-24 16:30:00,,,,,,,{Columbia,CLMB,,,,Georgetown,GTWN,,,}}{309073,,3123567,,2022-09-24,2022-09-24,09-24,17:00,17:00,2022-09-24 17:00:00,,,,,,,{Bryant,BRY,,,,Long Island,null,,,}}{309075,,3123568,,2022-09-24,2022-09-24,09-24,17:00,17:00,2022-09-24 17:00:00,,,,,,,{Lafayette,LL,,,,Pennsylvania,PENN,,,}}{309077,,3123569,,2022-09-24,2022-09-24,09-24,17:00,17:00,2022-09-24 17:00:00,,,,,,,{Holy Cross,HC,,,,Colgate,COLG,,,}}{309079,,3123570,,2022-09-24,2022-09-24,09-24,17:00,17:00,2022-09-24 17:00:00,,,,,,,{Morehead State,MORE,,,,Stetson,STET,,,}}{309081,,3123571,,2022-09-24,2022-09-24,09-24,17:00,17:00,2022-09-24 17:00:00,,,,,,,{San Diego,USD,,,,Valparaiso,VALP,,,}}{309083,,3123572,,2022-09-24,2022-09-24,09-24,18:00,18:00,2022-09-24 18:00:00,,,,,,,{Yale,YALE,,,,Cornell,COR,,,}}{309085,,3123573,,2022-09-24,2022-09-24,09-24,18:00,18:00,2022-09-24 18:00:00,,,,,,,{Dartmouth,DART,,,,Sacred Heart,SHU,,,}}{309087,,3123574,,2022-09-24,2022-09-24,09-24,18:00,18:00,2022-09-24 18:00:00,,,,,,,{Miss. Valley St,MVS,,,,Jackson State,JKST,,,}}{309089,,3123575,,2022-09-24,2022-09-24,09-24,18:00,18:00,2022-09-24 18:00:00,,,,,,,{North Dakota State,NDSU,,,,South Dakota,SDAK,,,}}{309091,,3123576,,2022-09-24,2022-09-24,09-24,18:00,18:00,2022-09-24 18:00:00,,,,,,,{Marist,MRST,,,,Drake,DRKE,,,}}{309093,,3123577,,2022-09-24,2022-09-24,09-24,18:00,18:00,2022-09-24 18:00:00,,,,,,,{St. Francis,STFR,,,,Norfolk State,NORF,,,}}{309095,,3123578,,2022-09-24,2022-09-24,09-24,18:00,18:00,2022-09-24 18:00:00,,,,,,,{Stony Brook,STON,,,,Richmond,RICH,,,}}{309097,,3123579,,2022-09-24,2022-09-24,09-24,18:00,18:00,2022-09-24 18:00:00,,,,,,,{Merrimack,MERR,,,,Delaware State,DSU,,,}}{309099,,3123580,,2022-09-24,2022-09-24,09-24,18:00,18:00,2022-09-24 18:00:00,,,,,,,{Grambling State,GRAM,,,,Bethune Cookman,COOK,,,}}{309101,,3123581,,2022-09-24,2022-09-24,09-24,19:00,19:00,2022-09-24 19:00:00,,,,,,,{Lehigh,LEH,,,,Princeton,PRIN,,,}}{309103,,3123582,,2022-09-24,2022-09-24,09-24,19:00,19:00,2022-09-24 19:00:00,,,,,,,{Idaho State,IDST,,,,Northern Colorado,UNCO,,,}}{309105,,3123583,,2022-09-24,2022-09-24,09-24,19:00,19:00,2022-09-24 19:00:00,,,,,,,{Western Carolina,WCU,,,,Samford,SAM,,,}}{309107,,3123584,,2022-09-24,2022-09-24,09-24,19:00,19:00,2022-09-24 19:00:00,,,,,,,{North Dakota,UND,,,,Southern Illinois,SIU,,,}}{309109,,3123585,,2022-09-24,2022-09-24,09-24,19:00,19:00,2022-09-24 19:00:00,,,,,,,{South Dakota State,SDST,,,,Missouri State,MOSU,,,}}{309111,,3123586,,2022-09-24,2022-09-24,09-24,19:00,19:00,2022-09-24 19:00:00,,,,,,,{Central Arkansas,CARK,,,,SE Missouri State,SEMST,,,}}{309113,,3123587,,2022-09-24,2022-09-24,09-24,19:30,19:30,2022-09-24 19:30:00,,,,,,,{Central Conn State,CCONN,,,,Albany,ALBY,,,}}{309115,,3123588,,2022-09-24,2022-09-24,09-24,19:30,19:30,2022-09-24 19:30:00,,,,,,,{Monmouth,MONM,,,,Villanova,VILL,,,}}{309117,,3123589,,2022-09-24,2022-09-24,09-24,19:30,19:30,2022-09-24 19:30:00,,,,,,,{Elon,ELON,,,,William & Mary,CWM,,,}}{309119,,3123590,,2022-09-24,2022-09-24,09-24,20:00,20:00,2022-09-24 20:00:00,,,,,,,{Idaho,IDHO,,,,Northern Arizona,NAU,,,}}{309121,,3123591,,2022-09-24,2022-09-24,09-24,20:00,20:00,2022-09-24 20:00:00,,,,,,,{Montana State,MTST,,,,Eastern Washington,EWU,,,}}{309123,,3123592,,2022-09-24,2022-09-24,09-24,20:00,20:00,2022-09-24 20:00:00,,,,,,,{Jacksonville State,JVST,,,,Nicholls State,NICH,,,}}{309125,,3123593,,2022-09-24,2022-09-24,09-24,20:00,20:00,2022-09-24 20:00:00,,,,,,,{Northern Iowa,UNI,,,,Western Illinois,WIU,,,}}{309127,,3123594,,2022-09-24,2022-09-24,09-24,20:00,20:00,2022-09-24 20:00:00,,,,,,,{Portland State,PRST,,,,Montana,MONT,,,}}{309129,,3123595,,2022-09-24,2022-09-24,09-24,20:00,20:00,2022-09-24 20:00:00,,,,,,,{Eastern Kentucky,EKY,,,,Austin Peay,PEAY,,,}}{309131,,3123596,,2022-09-24,2022-09-24,09-24,20:00,20:00,2022-09-24 20:00:00,,,,,,,{New Hampshire,UNH,,,,Towson,TOWS,,,}}{309133,,3123597,,2022-09-24,2022-09-24,09-24,20:30,20:30,2022-09-24 20:30:00,,,,,,,{Lamar,LAM,,,,Northwestern State,NWST,,,}}{309135,,3123598,,2022-09-24,2022-09-24,09-24,21:00,21:00,2022-09-24 21:00:00,,,,,,,{Eastern Illinois,EIU,,,,Murray State,MURR,,,}}{309137,,3123599,,2022-09-24,2022-09-24,09-24,22:00,22:00,2022-09-24 22:00:00,,,,,,,{Prairie View A&M,PV,,,,Alabama State,ALST,,,}}{309139,,3123600,,2022-09-24,2022-09-24,09-24,22:00,22:00,2022-09-24 22:00:00,,,,,,,{Wofford,WOF,,,,Kennesaw State,KENWST,,,}}{309141,,3123601,,2022-09-24,2022-09-24,09-24,22:00,22:00,2022-09-24 22:00:00,,,,,,,{Hampton,HAMP,,,,Delaware,DEL,,,}}{309143,,3123602,,2022-09-24,2022-09-24,09-24,22:00,22:00,2022-09-24 22:00:00,,,,,,,{Mercer,MER,,,,Gardner Webb,WEBB,,,}}{309145,,3123603,,2022-09-24,2022-09-24,09-24,22:00,22:00,2022-09-24 22:00:00,,,,,,,{Alabama A&M,AAMU,,,,Florida A&M,FAMU,,,}}{309147,,3123604,,2022-09-24,2022-09-24,09-24,23:00,23:00,2022-09-24 23:00:00,,,,,,,{Arkansas-Pine Bluff,ARPB,,,,Alcorn State,ALCN,,,}}{309149,,3123609,,2022-09-24,2022-09-24,09-24,23:00,23:00,2022-09-24 23:00:00,,,,,,,{Tarleton State,TARST,,,,North Alabama,NOALA,,,}}{309151,,3123610,,2022-09-24,2022-09-24,09-24,23:00,23:00,2022-09-24 23:00:00,,,,,,,{Lindenwood,LIND,,,,UT Martin,UTM,,,}}{309153,,3123605,,2022-09-24,2022-09-24,09-24,23:00,23:00,2022-09-24 23:00:00,,,,,,,{South Carolina State,SCST,,,,North Carolina A&T,NCAT,,,}}{309155,,3123606,,2022-09-24,2022-09-24,09-24,23:00,23:00,2022-09-24 23:00:00,,,,,,,{Davidson,DAV,,,,Presbyterian,PRE,,,}}{309157,,3123611,,2022-09-24,2022-09-24,09-24,23:00,23:00,2022-09-24 23:00:00,,,,,,,{Incarnate Word,IW,,,,Southeastern Louisiana,SELA,,,}}{309159,,3123612,,2022-09-24,2022-09-24,09-24,00:00,00:00,2022-09-25 00:00:00,,,,,,,{Utah Tech,null,,,,Southern Utah,SUU,,,}}{309161,,3123607,,2022-09-24,2022-09-24,09-24,02:00,02:00,2022-09-25 02:00:00,,,,,,,{Weber State,WEB,,,,UC - Davis,UCD,,,}}}{{header32,1,107,1,169975,"COLLEGE FOOTBALL - Saturday, September 24th  -  EXTRA GAMES -",,2022-09-24},{309053,,3123558,,2022-09-24,2022-09-24,09-24,16:00,16:00,2022-09-24 16:00:00,,,,,,,{Rhode Island,URI,,,,Pittsburgh,PITT,,,}}{309055,,3123559,,2022-09-24,2022-09-24,09-24,18:00,18:00,2022-09-24 18:00:00,,,,,,,{Fordham,FOR,,,,Ohio,OHIO,,,}}{309057,,3123560,,2022-09-24,2022-09-24,09-24,19:30,19:30,2022-09-24 19:30:00,,,,,,,{Texas Southern,TXSO,,,,UTSA,UTSA,,,}}{309059,,3123561,,2022-09-24,2022-09-24,09-24,20:00,20:00,2022-09-24 20:00:00,,,,,,,{CS Sacramento,null,,,,Colorado State,CSU,,,}}{309061,,3123562,,2022-09-24,2022-09-24,09-24,23:00,23:00,2022-09-24 23:00:00,,,,,,,{Houston Christian,null,,,,Texas State,TXST,,,}}}{{header6,1,106,1,169967,"COLLEGE FOOTBALL - Saturday, September 24th  -  WRITE-IN GAMES -",,2022-09-24},{423,,3123536,,2022-09-24,2022-09-24,09-24,02:00,02:00,2022-09-25 02:00:00,,,,,,,{&nbsp;,&nbsp;,,,,&nbsp;,&nbsp;,,,}}{425,,3123537,,2022-09-24,2022-09-24,09-24,02:00,02:00,2022-09-25 02:00:00,,,,,,,{&nbsp;,&nbsp;,,,,&nbsp;,&nbsp;,,,}}{427,,3123538,,2022-09-24,2022-09-24,09-24,02:00,02:00,2022-09-25 02:00:00,,,,,,,{&nbsp;,&nbsp;,,,,&nbsp;,&nbsp;,,,}}}{{header35,1,106,1,169976,"COLLEGE FOOTBALL - Saturday, September 24th  -  EXTRA WRITE-IN GAMES -",,2022-09-24},{309063,,3123563,,2022-09-24,2022-09-24,09-24,02:00,02:00,2022-09-25 02:00:00,,,,,,,{&nbsp;,&nbsp;,,,,&nbsp;,&nbsp;,,,}}}{{header41,1,106,1,169978,"COLLEGE FOOTBALL - Saturday, September 24th  -  FCS WRITE-IN GAMES -",,2022-09-24},{309163,,3123613,,2022-09-24,2022-09-24,09-24,02:00,02:00,2022-09-25 02:00:00,,,,,,,{&nbsp;,&nbsp;,,,,&nbsp;,&nbsp;,,,}}{309165,,3123614,,2022-09-24,2022-09-24,09-24,02:00,02:00,2022-09-25 02:00:00,,,,,,,{&nbsp;,&nbsp;,,,,&nbsp;,&nbsp;,,,}}}{{header20,1,17,1,169189,"CANADIAN FOOTBALL - WEEK 16 - Saturday, September 24th",,2022-09-24},{683,,3038342,,2022-09-24,2022-09-24,09-24,23:00,23:00,2022-09-24 23:00:00,,,,,,,{Toronto,TOR,,,,Ottawa,OTT,,,}}{685,,3038343,,2022-09-24,2022-09-24,09-24,02:00,02:00,2022-09-25 02:00:00,,,,,,,{Calgary,CGY,,,,BC,BC,,,}}}{{header29,1,17,1,169194,"CANADIAN FOOTBALL LEAGUE -",,2022-09-24},{9683,,3038434,,2022-09-24,2022-09-24,09-24,06:50,06:50,2022-09-25 06:50:00,,,,,,,{Toronto,TOR,,,,REDBLACKS,REDBLACKS,,,}}{9685,,3038435,,2022-09-24,2022-09-24,09-24,06:50,06:50,2022-09-25 06:50:00,,,,,,,{STAMPEDERS,STAMPEDERS,,,,BC,BC,,,}}}{{header43,1,105,1,169993,"COLLEGE FOOTBALL IN-GAME LINES -",,2022-09-24},{9313,,3123689,,2022-09-24,2022-09-24,09-24,06:50,06:50,2022-09-25 06:50:00,,,,,,,{Baylor,BAY,,,,Iowa State,ISU,,,}}{9315,,3123690,,2022-09-24,2022-09-24,09-24,06:50,06:50,2022-09-25 06:50:00,,,,,,,{Northern Illinois,NIU,,,,Kentucky,UK,,,}}{9317,,3123691,,2022-09-24,2022-09-24,09-24,06:50,06:50,2022-09-25 06:50:00,,,,,,,{Charlotte,CHAR,,,,South Carolina,SOCAR,,,}}{9319,,3123692,,2022-09-24,2022-09-24,09-24,06:50,06:50,2022-09-25 06:50:00,,,,,,,{Massachusetts,MASS,,,,Temple,TEM,,,}}{9321,,3123693,,2022-09-24,2022-09-24,09-24,06:50,06:50,2022-09-25 06:50:00,,,,,,,{Kent State,KENT,,,,Georgia,UGA,,,}}{9323,,3123694,,2022-09-24,2022-09-24,09-24,06:50,06:50,2022-09-25 06:50:00,,,,,,,{Notre Dame,ND,,,,North Carolina,UNC,,,}}{9325,,3123695,,2022-09-24,2022-09-24,09-24,06:50,06:50,2022-09-25 06:50:00,,,,,,,{Middle Tennessee St.,MTU,,,,Miami Florida,MIA,,,}}{9327,,3123696,,2022-09-24,2022-09-24,09-24,06:50,06:50,2022-09-25 06:50:00,,,,,,,{Maryland,MD,,,,Michigan,MICH,,,}}{9329,,3123697,,2022-09-24,2022-09-24,09-24,06:50,06:50,2022-09-25 06:50:00,,,,,,,{Connecticut,CONN,,,,NC State,NCST,,,}}{9331,,3123698,,2022-09-24,2022-09-24,09-24,06:50,06:50,2022-09-25 06:50:00,,,,,,,{Central Michigan,CMU,,,,Penn State,PSU,,,}}{9333,,3123699,,2022-09-24,2022-09-24,09-24,06:50,06:50,2022-09-25 06:50:00,,,,,,,{Georgia Tech,GT,,,,Central Florida,UCF,,,}}{9335,,3123700,,2022-09-24,2022-09-24,09-24,06:50,06:50,2022-09-25 06:50:00,,,,,,,{South Florida,USF,,,,Louisville,LOU,,,}}{9337,,3123701,,2022-09-24,2022-09-24,09-24,06:50,06:50,2022-09-25 06:50:00,,,,,,,{Minnesota,MINN,,,,Michigan State,MSU,,,}}{9339,,3123702,,2022-09-24,2022-09-24,09-24,06:50,06:50,2022-09-25 06:50:00,,,,,,,{Clemson,CLEM,,,,Wake Forest,WAKE,,,}}{9341,,3123703,,2022-09-24,2022-09-24,09-24,06:50,06:50,2022-09-25 06:50:00,,,,,,,{Wisconsin,WIS,,,,Ohio State,OSU,,,}}{9343,,3123704,,2022-09-24,2022-09-24,09-24,06:50,06:50,2022-09-25 06:50:00,,,,,,,{Akron,AKR,,,,Liberty,LIB,,,}}{9345,,3123705,,2022-09-24,2022-09-24,09-24,06:50,06:50,2022-09-25 06:50:00,,,,,,,{Boston College,BC,,,,Florida State,FSU,,,}}{9347,,3123706,,2022-09-24,2022-09-24,09-24,06:50,06:50,2022-09-25 06:50:00,,,,,,,{Florida,FLA,,,,Tennessee,TENN,,,}}{9349,,3123707,,2022-09-24,2022-09-24,09-24,06:50,06:50,2022-09-25 06:50:00,,,,,,,{Indiana,IND,,,,Cincinnati,CIN,,,}}{9351,,3123708,,2022-09-24,2022-09-24,09-24,06:50,06:50,2022-09-25 06:50:00,,,,,,,{Navy,NAVY,,,,East Carolina,ECU,,,}}{9353,,3123709,,2022-09-24,2022-09-24,09-24,06:50,06:50,2022-09-25 06:50:00,,,,,,,{Ball State,BALL,,,,Georgia Southern,GASO,,,}}{9355,,3123710,,2022-09-24,2022-09-24,09-24,06:50,06:50,2022-09-25 06:50:00,,,,,,,{Buffalo,BUFF,,,,Eastern Michigan,EMU,,,}}{9357,,3123711,,2022-09-24,2022-09-24,09-24,06:50,06:50,2022-09-25 06:50:00,,,,,,,{James Madison,JMU,,,,Appalachian State,APP,,,}}{9359,,3123712,,2022-09-24,2022-09-24,09-24,06:50,06:50,2022-09-25 06:50:00,,,,,,,{Iowa,IOWA,,,,Rutgers,RUTG,,,}}{9361,,3123713,,2022-09-24,2022-09-24,09-24,06:50,06:50,2022-09-25 06:50:00,,,,,,,{Duke,DUKE,,,,Kansas,KU,,,}}{9363,,3123714,,2022-09-24,2022-09-24,09-24,06:50,06:50,2022-09-25 06:50:00,,,,,,,{Miami Ohio,MOH,,,,Northwestern,NW,,,}}{9365,,3123715,,2022-09-24,2022-09-24,09-24,06:50,06:50,2022-09-25 06:50:00,,,,,,,{Arkansas State,ARST,,,,Old Dominion,ODU,,,}}{9367,,3123716,,2022-09-24,2022-09-24,09-24,06:50,06:50,2022-09-25 06:50:00,,,,,,,{UCLA,UCLA,,,,Colorado,COLO,,,}}{9369,,3123717,,2022-09-24,2022-09-24,09-24,06:50,06:50,2022-09-25 06:50:00,,,,,,,{Wyoming,WYO,,,,BYU,BYU,,,}}{9371,,3123718,,2022-09-24,2022-09-24,09-24,06:50,06:50,2022-09-25 06:50:00,,,,,,,{Hawaii,HAW,,,,New Mexico State,NMSU,,,}}{9373,,3123719,,2022-09-24,2022-09-24,09-24,06:50,06:50,2022-09-25 06:50:00,,,,,,,{Utah,UTAH,,,,Arizona State,ASU,,,}}{9375,,3123720,,2022-09-24,2022-09-24,09-24,06:50,06:50,2022-09-25 06:50:00,,,,,,,{USC,USC,,,,Oregon State,ORST,,,}}{9377,,3123721,,2022-09-24,2022-09-24,09-24,06:50,06:50,2022-09-25 06:50:00,,,,,,,{Toledo,TOL,,,,San Diego State,SDSU,,,}}{9379,,3123722,,2022-09-24,2022-09-24,09-24,06:50,06:50,2022-09-25 06:50:00,,,,,,,{Oregon,ORE,,,,Washington State,WSU,,,}}{9381,,3123723,,2022-09-24,2022-09-24,09-24,06:50,06:50,2022-09-25 06:50:00,,,,,,,{Arizona,ARIZ,,,,California,CAL,,,}}{9383,,3123724,,2022-09-24,2022-09-24,09-24,06:50,06:50,2022-09-25 06:50:00,,,,,,,{Stanford,STAN,,,,Washington,WASH,,,}}{9385,,3123725,,2022-09-24,2022-09-24,09-24,06:50,06:50,2022-09-25 06:50:00,,,,,,,{Marshall,MRSH,,,,Troy,TROY,,,}}{9387,,3123726,,2022-09-24,2022-09-24,09-24,06:50,06:50,2022-09-25 06:50:00,,,,,,,{Louisiana Tech,LT,,,,South Alabama,USA,,,}}{9389,,3123727,,2022-09-24,2022-09-24,09-24,06:50,06:50,2022-09-25 06:50:00,,,,,,,{Bowling Green,BGSU,,,,Mississippi State,MSST,,,}}{9391,,3123728,,2022-09-24,2022-09-24,09-24,06:50,06:50,2022-09-25 06:50:00,,,,,,,{Kansas State,KSU,,,,Oklahoma,OKLA,,,}}{9393,,3123729,,2022-09-24,2022-09-24,09-24,06:50,06:50,2022-09-25 06:50:00,,,,,,,{Tulsa,TLSA,,,,Mississippi,MISS,,,}}{9395,,3123730,,2022-09-24,2022-09-24,09-24,06:50,06:50,2022-09-25 06:50:00,,,,,,,{Vanderbilt,VAN,,,,Alabama,ALA,,,}}{9397,,3123731,,2022-09-24,2022-09-24,09-24,06:50,06:50,2022-09-25 06:50:00,,,,,,,{TCU,TCU,,,,SMU,SMU,,,}}{9399,,3123732,,2022-09-24,2022-09-24,09-24,06:50,06:50,2022-09-25 06:50:00,,,,,,,{Texas,TEX,,,,Texas Tech,TTU,,,}}{9401,,3123733,,2022-09-24,2022-09-24,09-24,06:50,06:50,2022-09-25 06:50:00,,,,,,,{UL Lafayette,ULL,,,,UL Monroe,ULM,,,}}{9403,,3123734,,2022-09-24,2022-09-24,09-24,06:50,06:50,2022-09-25 06:50:00,,,,,,,{Arkansas,ARK,,,,Texas A&M,TAM,,,}}{9405,,3123735,,2022-09-24,2022-09-24,09-24,06:50,06:50,2022-09-25 06:50:00,,,,,,,{Rice,RICE,,,,Houston,HOU,,,}}{9407,,3123736,,2022-09-24,2022-09-24,09-24,06:50,06:50,2022-09-25 06:50:00,,,,,,,{North Texas,UNT,,,,Memphis,MEM,,,}}{9409,,3123737,,2022-09-24,2022-09-24,09-24,06:50,06:50,2022-09-25 06:50:00,,,,,,,{Southern Miss,USM,,,,Tulane,TULN,,,}}{9411,,3123738,,2022-09-24,2022-09-24,09-24,06:50,06:50,2022-09-25 06:50:00,,,,,,,{Missouri,MIZZ,,,,Auburn,AUB,,,}}{9413,,3123739,,2022-09-24,2022-09-24,09-24,06:50,06:50,2022-09-25 06:50:00,,,,,,,{Florida International,FIU,,,,Western Kentucky,WKU,,,}}{9415,,3123740,,2022-09-24,2022-09-24,09-24,06:50,06:50,2022-09-25 06:50:00,,,,,,,{UNLV,UNLV,,,,Utah State,USU,,,}}{9417,,3123741,,2022-09-24,2022-09-24,09-24,06:50,06:50,2022-09-25 06:50:00,,,,,,,{Florida Atlantic,FAU,,,,Purdue,PUR,,,}}{9419,,3123742,,2022-09-24,2022-09-24,09-24,06:50,06:50,2022-09-25 06:50:00,,,,,,,{New Mexico,UNM,,,,LSU,LSU,,,}}{9421,,3123743,,2022-09-24,2022-09-24,09-24,06:50,06:50,2022-09-25 06:50:00,,,,,,,{Western Michigan,WMU,,,,San Jose State,SJSU,,,}}{9423,,3123792,,2022-09-24,2022-09-24,09-24,06:50,06:50,2022-09-25 06:50:00,,,,,,,{&nbsp;,&nbsp;,,,,&nbsp;,&nbsp;,,,}}{9425,,3123793,,2022-09-24,2022-09-24,09-24,06:50,06:50,2022-09-25 06:50:00,,,,,,,{&nbsp;,&nbsp;,,,,&nbsp;,&nbsp;,,,}}{9427,,3123794,,2022-09-24,2022-09-24,09-24,06:50,06:50,2022-09-25 06:50:00,,,,,,,{&nbsp;,&nbsp;,,,,&nbsp;,&nbsp;,,,}}{399053,,3123744,,2022-09-24,2022-09-24,09-24,06:50,06:50,2022-09-25 06:50:00,,,,,,,{Rhode Island,URI,,,,Pittsburgh,PITT,,,}}{399055,,3123745,,2022-09-24,2022-09-24,09-24,06:50,06:50,2022-09-25 06:50:00,,,,,,,{Fordham,FOR,,,,Ohio,OHIO,,,}}{399057,,3123746,,2022-09-24,2022-09-24,09-24,06:50,06:50,2022-09-25 06:50:00,,,,,,,{Texas Southern,TXSO,,,,UTSA,UTSA,,,}}{399059,,3123747,,2022-09-24,2022-09-24,09-24,06:50,06:50,2022-09-25 06:50:00,,,,,,,{CS Sacramento,null,,,,Colorado State,CSU,,,}}{399061,,3123748,,2022-09-24,2022-09-24,09-24,06:50,06:50,2022-09-25 06:50:00,,,,,,,{Houston Christian,null,,,,Texas State,TXST,,,}}{399063,,3123795,,2022-09-24,2022-09-24,09-24,06:50,06:50,2022-09-25 06:50:00,,,,,,,{&nbsp;,&nbsp;,,,,&nbsp;,&nbsp;,,,}}{399065,,3123749,,2022-09-24,2022-09-24,09-24,06:50,06:50,2022-09-25 06:50:00,,,,,,,{Furman,FUR,,,,Charleston Southern,CHSO,,,}}{399067,,3123750,,2022-09-24,2022-09-24,09-24,06:50,06:50,2022-09-25 06:50:00,,,,,,,{East Tenn State,ETSU,,,,Robert Morris,RMU,,,}}{399069,,3123751,,2022-09-24,2022-09-24,09-24,06:50,06:50,2022-09-25 06:50:00,,,,,,,{Harvard,HARV,,,,Brown,BRWN,,,}}{399071,,3123752,,2022-09-24,2022-09-24,09-24,06:50,06:50,2022-09-25 06:50:00,,,,,,,{Columbia,CLMB,,,,Georgetown,GTWN,,,}}{399073,,3258922,,2022-09-24,2022-09-24,09-24,06:50,06:50,2022-09-25 06:50:00,,,,,,,{Bryant,BRY,,,,Long Island,null,,,}}{399075,,3123753,,2022-09-24,2022-09-24,09-24,06:50,06:50,2022-09-25 06:50:00,,,,,,,{Lafayette,LL,,,,Pennsylvania,PENN,,,}}{399077,,3123754,,2022-09-24,2022-09-24,09-24,06:50,06:50,2022-09-25 06:50:00,,,,,,,{Holy Cross,HC,,,,Colgate,COLG,,,}}{399079,,3258923,,2022-09-24,2022-09-24,09-24,06:50,06:50,2022-09-25 06:50:00,,,,,,,{Morehead State,MORE,,,,Stetson,STET,,,}}{399081,,3123755,,2022-09-24,2022-09-24,09-24,06:50,06:50,2022-09-25 06:50:00,,,,,,,{San Diego,USD,,,,Valparaiso,VALP,,,}}{399083,,3123756,,2022-09-24,2022-09-24,09-24,06:50,06:50,2022-09-25 06:50:00,,,,,,,{Yale,YALE,,,,Cornell,COR,,,}}{399085,,3123757,,2022-09-24,2022-09-24,09-24,06:50,06:50,2022-09-25 06:50:00,,,,,,,{Dartmouth,DART,,,,Sacred Heart,SHU,,,}}{399087,,3123758,,2022-09-24,2022-09-24,09-24,06:50,06:50,2022-09-25 06:50:00,,,,,,,{Miss. Valley St,MVS,,,,Jackson State,JKST,,,}}{399089,,3123759,,2022-09-24,2022-09-24,09-24,06:50,06:50,2022-09-25 06:50:00,,,,,,,{North Dakota State,NDSU,,,,South Dakota,SDAK,,,}}{399091,,3123760,,2022-09-24,2022-09-24,09-24,06:50,06:50,2022-09-25 06:50:00,,,,,,,{Marist,MRST,,,,Drake,DRKE,,,}}{399093,,3123761,,2022-09-24,2022-09-24,09-24,06:50,06:50,2022-09-25 06:50:00,,,,,,,{St. Francis (PA),null,,,,Norfolk State,NORF,,,}}{399095,,3123762,,2022-09-24,2022-09-24,09-24,06:50,06:50,2022-09-25 06:50:00,,,,,,,{Stony Brook,STON,,,,Richmond,RICH,,,}}{399097,,3224512,,2022-09-24,2022-09-24,09-24,06:50,06:50,2022-09-25 06:50:00,,,,,,,{Merrimack,MERR,,,,Delaware State,DSU,,,}}{399099,,3123763,,2022-09-24,2022-09-24,09-24,06:50,06:50,2022-09-25 06:50:00,,,,,,,{Grambling State,GRAM,,,,Bethune Cookman,COOK,,,}}{399101,,3123764,,2022-09-24,2022-09-24,09-24,06:50,06:50,2022-09-25 06:50:00,,,,,,,{Lehigh,LEH,,,,Princeton,PRIN,,,}}{399103,,3123765,,2022-09-24,2022-09-24,09-24,06:50,06:50,2022-09-25 06:50:00,,,,,,,{Idaho State,IDST,,,,Northern Colorado,UNCO,,,}}{399105,,3123766,,2022-09-24,2022-09-24,09-24,06:50,06:50,2022-09-25 06:50:00,,,,,,,{Western Carolina,WCU,,,,Samford,SAM,,,}}{399107,,3123767,,2022-09-24,2022-09-24,09-24,06:50,06:50,2022-09-25 06:50:00,,,,,,,{North Dakota,UND,,,,Southern Illinois,SIU,,,}}{399109,,3123768,,2022-09-24,2022-09-24,09-24,06:50,06:50,2022-09-25 06:50:00,,,,,,,{South Dakota State,SDST,,,,Missouri State,MOSU,,,}}{399111,,3123769,,2022-09-24,2022-09-24,09-24,06:50,06:50,2022-09-25 06:50:00,,,,,,,{Central Arkansas,CARK,,,,SE Missouri State,SEMST,,,}}{399113,,3123770,,2022-09-24,2022-09-24,09-24,06:50,06:50,2022-09-25 06:50:00,,,,,,,{Central Conn State,CCONN,,,,Albany,ALBY,,,}}{399115,,3123771,,2022-09-24,2022-09-24,09-24,06:50,06:50,2022-09-25 06:50:00,,,,,,,{Monmouth,MONM,,,,Villanova,VILL,,,}}{399117,,3123772,,2022-09-24,2022-09-24,09-24,06:50,06:50,2022-09-25 06:50:00,,,,,,,{Elon,null,,,,William & Mary,CWM,,,}}{399119,,3123773,,2022-09-24,2022-09-24,09-24,06:50,06:50,2022-09-25 06:50:00,,,,,,,{Idaho,IDHO,,,,Northern Arizona,NAU,,,}}{399121,,3123774,,2022-09-24,2022-09-24,09-24,06:50,06:50,2022-09-25 06:50:00,,,,,,,{Montana State,MTST,,,,Eastern Washington,EWU,,,}}{399123,,3123775,,2022-09-24,2022-09-24,09-24,06:50,06:50,2022-09-25 06:50:00,,,,,,,{Jacksonville State,JVST,,,,Nicholls State,NICH,,,}}{399125,,3123776,,2022-09-24,2022-09-24,09-24,06:50,06:50,2022-09-25 06:50:00,,,,,,,{Northern Iowa,UNI,,,,Western Illinois,WIU,,,}}{399127,,3123777,,2022-09-24,2022-09-24,09-24,06:50,06:50,2022-09-25 06:50:00,,,,,,,{Portland State,PRST,,,,Montana,MONT,,,}}{399129,,3123778,,2022-09-24,2022-09-24,09-24,06:50,06:50,2022-09-25 06:50:00,,,,,,,{Eastern Kentucky,EKY,,,,Austin Peay,PEAY,,,}}{399131,,3123779,,2022-09-24,2022-09-24,09-24,06:50,06:50,2022-09-25 06:50:00,,,,,,,{New Hampshire,UNH,,,,Towson,TOWS,,,}}{399133,,3123780,,2022-09-24,2022-09-24,09-24,06:50,06:50,2022-09-25 06:50:00,,,,,,,{Lamar,LAM,,,,Northwestern State,NWST,,,}}{399135,,3123781,,2022-09-24,2022-09-24,09-24,06:50,06:50,2022-09-25 06:50:00,,,,,,,{Eastern Illinois,EIU,,,,Murray State,MURR,,,}}{399137,,3123782,,2022-09-24,2022-09-24,09-24,06:50,06:50,2022-09-25 06:50:00,,,,,,,{Prairie View A&M,PV,,,,Alabama State,ALST,,,}}{399139,,3123783,,2022-09-24,2022-09-24,09-24,06:50,06:50,2022-09-25 06:50:00,,,,,,,{Wofford,WOF,,,,Kennesaw State,KENWST,,,}}{399141,,3123784,,2022-09-24,2022-09-24,09-24,06:50,06:50,2022-09-25 06:50:00,,,,,,,{Hampton,HAMP,,,,Delaware,DEL,,,}}{399143,,3123785,,2022-09-24,2022-09-24,09-24,06:50,06:50,2022-09-25 06:50:00,,,,,,,{Mercer,MER,,,,Gardner Webb,WEBB,,,}}{399145,,3123786,,2022-09-24,2022-09-24,09-24,06:50,06:50,2022-09-25 06:50:00,,,,,,,{Alabama A&M,AAMU,,,,Florida A&M,FAMU,,,}}{399147,,3123787,,2022-09-24,2022-09-24,09-24,06:50,06:50,2022-09-25 06:50:00,,,,,,,{Arkansas-Pine Bluff,ARPB,,,,Alcorn State,ALCN,,,}}{399149,,3123796,,2022-09-24,2022-09-24,09-24,06:50,06:50,2022-09-25 06:50:00,,,,,,,{Tarleton State,TARST,,,,North Alabama,NOALA,,,}}{399151,,3123797,,2022-09-24,2022-09-24,09-24,06:50,06:50,2022-09-25 06:50:00,,,,,,,{Lindenwood,LIND,,,,UT Martin,UTM,,,}}{399153,,3123788,,2022-09-24,2022-09-24,09-24,06:50,06:50,2022-09-25 06:50:00,,,,,,,{South Carolina State,SCST,,,,North Carolina A&T,NCAT,,,}}{399155,,3123789,,2022-09-24,2022-09-24,09-24,06:50,06:50,2022-09-25 06:50:00,,,,,,,{Davidson,DAV,,,,Presbyterian,PRE,,,}}{399157,,3123790,,2022-09-24,2022-09-24,09-24,06:50,06:50,2022-09-25 06:50:00,,,,,,,{Incarnate Word,IW,,,,Southeastern Louisiana,SELA,,,}}{399159,,3123798,,2022-09-24,2022-09-24,09-24,06:50,06:50,2022-09-25 06:50:00,,,,,,,{Utah Tech,null,,,,Southern Utah,SUU,,,}}{399161,,3123791,,2022-09-24,2022-09-24,09-24,06:50,06:50,2022-09-25 06:50:00,,,,,,,{Weber State,WEB,,,,UC - Davis,UCD,,,}}{399163,,3123799,,2022-09-24,2022-09-24,09-24,06:50,06:50,2022-09-25 06:50:00,,,,,,,{&nbsp;,&nbsp;,,,,&nbsp;,&nbsp;,,,}}{399165,,3123800,,2022-09-24,2022-09-24,09-24,06:50,06:50,2022-09-25 06:50:00,,,,,,,{&nbsp;,&nbsp;,,,,&nbsp;,&nbsp;,,,}}}{{header57,1,1,1,296665,"NFL WEEK 13 - Sunday, November 30th",,2025-11-30},{25001331,,7211101,,2025-11-30,2025-11-30,11-30,18:00,18:00,2025-11-30 18:00:00,,,,,,,{Arizona,ARI,,,,Tampa Bay,TB,,,}}{25001333,,7211097,,2025-11-30,2025-11-30,11-30,18:00,18:00,2025-11-30 18:00:00,,,,,,,{San Francisco,SF,,,,Cleveland,CLE,,,}}{25001335,,7211100,,2025-11-30,2025-11-30,11-30,18:00,18:00,2025-11-30 18:00:00,,,,,,,{Houston,HOU,,,,Indianapolis,IND,,,}}{25001337,,7211098,,2025-11-30,2025-11-30,11-30,18:00,18:00,2025-11-30 18:00:00,,,,,,,{New Orleans,NO,,,,Miami,MIA,,,}}{25001339,,7211102,,2025-11-30,2025-11-30,11-30,18:00,18:00,2025-11-30 18:00:00,,,,,,,{L.A. Rams,LAR,,,,Carolina,CAR,,,}}{25001341,,7211096,,2025-11-30,2025-11-30,11-30,18:00,18:00,2025-11-30 18:00:00,,,,,,,{Jacksonville,JAC,,,,Tennessee,TEN,,,}}{25001343,,7211099,,2025-11-30,2025-11-30,11-30,18:00,18:00,2025-11-30 18:00:00,,,,,,,{Atlanta,ATL,,,,N.Y. Jets,NYJ,,,}}{25001345,,7211103,,2025-11-30,2025-11-30,11-30,21:05,21:05,2025-11-30 21:05:00,,,,,,,{Minnesota,MIN,,,,Seattle,SEA,,,}}{25001347,,7211105,,2025-11-30,2025-11-30,11-30,21:25,21:25,2025-11-30 21:25:00,,,,,,,{Las Vegas,LV,,,,L.A. Chargers,LAC,,,}}{25001349,,7211104,,2025-11-30,2025-11-30,11-30,21:25,21:25,2025-11-30 21:25:00,,,,,,,{Buffalo,BUF,,,,Pittsburgh,PIT,,,}}{25001351,,7211106,,2025-11-30,2025-11-30,11-30,01:20,01:20,2025-12-01 01:20:00,,,,,,,{Denver,DEN,,,,Washington,WAS,,,}}}{{header59,1,1,1,287579,"NFL WEEK 13 - Monday, December 1st",,2025-12-01},{25001353,,7211107,,2025-12-01,2025-12-01,12-01,01:15,01:15,2025-12-02 01:15:00,,,,,,,{N.Y. Giants,NYG,,,,New England,NE,,,}}}{{header61,1,1,1,287580,"NFL WEEK 14 - Thursday, December 4th",,2025-12-04},{25001355,,7211108,,2025-12-04,2025-12-04,12-04,01:15,01:15,2025-12-05 01:15:00,,,,,,,{Dallas,DAL,,,,Detroit,DET,,,}}}{{header63,1,1,1,296662,"NFL WEEK 14 - Sunday, December 7th",,2025-12-07},{25001357,,7211116,,2025-12-07,2025-12-07,12-07,18:00,18:00,2025-12-07 18:00:00,,,,,,,{Indianapolis,IND,,,,Jacksonville,JAC,,,}}{25001359,,7211114,,2025-12-07,2025-12-07,12-07,18:00,18:00,2025-12-07 18:00:00,,,,,,,{Chicago,CHI,,,,Green Bay,GB,,,}}{25001361,,7211111,,2025-12-07,2025-12-07,12-07,18:00,18:00,2025-12-07 18:00:00,,,,,,,{Pittsburgh,PIT,,,,Baltimore,BAL,,,}}{25001363,,7211112,,2025-12-07,2025-12-07,12-07,18:00,18:00,2025-12-07 18:00:00,,,,,,,{Washington,WAS,,,,Minnesota,MIN,,,}}{25001365,,7211113,,2025-12-07,2025-12-07,12-07,18:00,18:00,2025-12-07 18:00:00,,,,,,,{New Orleans,NO,,,,Tampa Bay,TB,,,}}{25001367,,7211115,,2025-12-07,2025-12-07,12-07,18:00,18:00,2025-12-07 18:00:00,,,,,,,{Seattle,SEA,,,,Atlanta,ATL,,,}}{25001369,,7211109,,2025-12-07,2025-12-07,12-07,18:00,18:00,2025-12-07 18:00:00,,,,,,,{Miami,MIA,,,,N.Y. Jets,NYJ,,,}}{25001371,,7211110,,2025-12-07,2025-12-07,12-07,18:00,18:00,2025-12-07 18:00:00,,,,,,,{Tennessee,TEN,,,,Cleveland,CLE,,,}}{25001373,,7211117,,2025-12-07,2025-12-07,12-07,21:05,21:05,2025-12-07 21:05:00,,,,,,,{Denver,DEN,,,,Las Vegas,LV,,,}}{25001375,,7211119,,2025-12-07,2025-12-07,12-07,21:25,21:25,2025-12-07 21:25:00,,,,,,,{L.A. Rams,LAR,,,,Arizona,ARI,,,}}{25001377,,7211118,,2025-12-07,2025-12-07,12-07,21:25,21:25,2025-12-07 21:25:00,,,,,,,{Cincinnati,CIN,,,,Buffalo,BUF,,,}}{25001379,,7211120,,2025-12-07,2025-12-07,12-07,01:20,01:20,2025-12-08 01:20:00,,,,,,,{Houston,HOU,,,,Kansas City,KC,,,}}}{{header65,1,1,1,287582,"NFL WEEK 14 - Monday, December 8th",,2025-12-08},{25001381,,7211121,,2025-12-08,2025-12-08,12-08,01:15,01:15,2025-12-09 01:15:00,,,,,,,{Philadelphia,PHI,,,,L.A. Chargers,LAC,,,}}}{{header67,1,1,1,287583,"NFL WEEK 15 - Thursday, December 11th",,2025-12-11},{25001383,,7211122,,2025-12-11,2025-12-11,12-11,01:15,01:15,2025-12-12 01:15:00,,,,,,,{Atlanta,ATL,,,,Tampa Bay,TB,,,}}}{{header69,1,1,1,295807,"NFL WEEK 15 - Sunday, December 14th",,2025-12-14},{25001385,,7211128,,2025-12-14,2025-12-14,12-14,18:00,18:00,2025-12-14 18:00:00,,,,,,,{Las Vegas,LV,,,,Philadelphia,PHI,,,}}{25001387,,7211125,,2025-12-14,2025-12-14,12-14,18:00,18:00,2025-12-14 18:00:00,,,,,,,{L.A. Chargers,LAC,,,,Kansas City,KC,,,}}{25001389,,7211130,,2025-12-14,2025-12-14,12-14,18:00,18:00,2025-12-14 18:00:00,,,,,,,{Baltimore,BAL,,,,Cincinnati,CIN,,,}}{25001391,,7211124,,2025-12-14,2025-12-14,12-14,18:00,18:00,2025-12-14 18:00:00,,,,,,,{Arizona,ARI,,,,Houston,HOU,,,}}{25001393,,7211129,,2025-12-14,2025-12-14,12-14,18:00,18:00,2025-12-14 18:00:00,,,,,,,{N.Y. Jets,NYJ,,,,Jacksonville,JAC,,,}}{25001395,,7211123,,2025-12-14,2025-12-14,12-14,18:00,18:00,2025-12-14 18:00:00,,,,,,,{Washington,WAS,,,,N.Y. Giants,NYG,,,}}{25001397,,7211127,,2025-12-14,2025-12-14,12-14,18:00,18:00,2025-12-14 18:00:00,,,,,,,{Buffalo,BUF,,,,New England,NE,,,}}{25001399,,7211126,,2025-12-14,2025-12-14,12-14,18:00,18:00,2025-12-14 18:00:00,,,,,,,{Cleveland,CLE,,,,Chicago,CHI,,,}}{25001401,,7211133,,2025-12-14,2025-12-14,12-14,21:25,21:25,2025-12-14 21:25:00,,,,,,,{Tennessee,TEN,,,,San Francisco,SF,,,}}{25001403,,7211135,,2025-12-14,2025-12-14,12-14,21:25,21:25,2025-12-14 21:25:00,,,,,,,{Carolina,CAR,,,,New Orleans,NO,,,}}{25001405,,7211134,,2025-12-14,2025-12-14,12-14,21:25,21:25,2025-12-14 21:25:00,,,,,,,{Detroit,DET,,,,L.A. Rams,LAR,,,}}{25001407,,7211131,,2025-12-14,2025-12-14,12-14,21:25,21:25,2025-12-14 21:25:00,,,,,,,{Green Bay,GB,,,,Denver,DEN,,,}}{25001409,,7211132,,2025-12-14,2025-12-14,12-14,21:25,21:25,2025-12-14 21:25:00,,,,,,,{Indianapolis,IND,,,,Seattle,SEA,,,}}{25001411,,7211136,,2025-12-14,2025-12-14,12-14,01:20,01:20,2025-12-15 01:20:00,,,,,,,{Minnesota,MIN,,,,Dallas,DAL,,,}}}{{header71,1,1,1,287585,"NFL WEEK 15 - Monday, December 15th",,2025-12-15},{25001413,,7211137,,2025-12-15,2025-12-15,12-15,01:15,01:15,2025-12-16 01:15:00,,,,,,,{Miami,MIA,,,,Pittsburgh,PIT,,,}}}{{header73,1,1,1,287586,"NFL WEEK 16 - Thursday, December 18th",,2025-12-18},{25001415,,7211138,,2025-12-18,2025-12-18,12-18,01:15,01:15,2025-12-19 01:15:00,,,,,,,{L.A. Rams,LAR,,,,Seattle,SEA,,,}}}{{header75,1,1,1,287587,"NFL WEEK 16 - Saturday, December 20th",,2025-12-20},{25001417,,7211139,,2025-12-20,2025-12-20,12-20,18:00,18:00,2025-12-20 18:00:00,,,,,,,{Green Bay,GB,,,,Chicago,CHI,,,}}{25001419,,7211140,,2025-12-20,2025-12-20,12-20,20:00,20:00,2025-12-20 20:00:00,,,,,,,{Philadelphia,PHI,,,,Washington,WAS,,,}}}{{header77,1,1,1,287588,"NFL WEEK 16 - Sunday, December 21st",,2025-12-21},{25001421,,7211141,,2025-12-21,2025-12-21,12-21,18:00,18:00,2025-12-21 18:00:00,,,,,,,{L.A. Chargers,LAC,,,,Dallas,DAL,,,}}{25001423,,7211142,,2025-12-21,2025-12-21,12-21,18:00,18:00,2025-12-21 18:00:00,,,,,,,{Minnesota,MIN,,,,N.Y. Giants,NYG,,,}}{25001425,,7211146,,2025-12-21,2025-12-21,12-21,18:00,18:00,2025-12-21 18:00:00,,,,,,,{Tampa Bay,TB,,,,Carolina,CAR,,,}}{25001427,,7211145,,2025-12-21,2025-12-21,12-21,18:00,18:00,2025-12-21 18:00:00,,,,,,,{New England,NE,,,,Baltimore,BAL,,,}}{25001429,,7211147,,2025-12-21,2025-12-21,12-21,18:00,18:00,2025-12-21 18:00:00,,,,,,,{Kansas City,KC,,,,Tennessee,TEN,,,}}{25001431,,7211143,,2025-12-21,2025-12-21,12-21,18:00,18:00,2025-12-21 18:00:00,,,,,,,{Buffalo,BUF,,,,Cleveland,CLE,,,}}{25001433,,7211144,,2025-12-21,2025-12-21,12-21,18:00,18:00,2025-12-21 18:00:00,,,,,,,{N.Y. Jets,NYJ,,,,New Orleans,NO,,,}}{25001435,,7211149,,2025-12-21,2025-12-21,12-21,21:05,21:05,2025-12-21 21:05:00,,,,,,,{Jacksonville,JAC,,,,Denver,DEN,,,}}{25001437,,7211148,,2025-12-21,2025-12-21,12-21,21:05,21:05,2025-12-21 21:05:00,,,,,,,{Atlanta,ATL,,,,Arizona,ARI,,,}}{25001439,,7211150,,2025-12-21,2025-12-21,12-21,21:25,21:25,2025-12-21 21:25:00,,,,,,,{Pittsburgh,PIT,,,,Detroit,DET,,,}}{25001441,,7211151,,2025-12-21,2025-12-21,12-21,21:25,21:25,2025-12-21 21:25:00,,,,,,,{Las Vegas,LV,,,,Houston,HOU,,,}}{25001443,,7211152,,2025-12-21,2025-12-21,12-21,01:20,01:20,2025-12-22 01:20:00,,,,,,,{Cincinnati,CIN,,,,Miami,MIA,,,}}}{{header79,1,1,1,287589,"NFL WEEK 16 - Monday, December 22nd",,2025-12-22},{25001445,,7211153,,2025-12-22,2025-12-22,12-22,01:15,01:15,2025-12-23 01:15:00,,,,,,,{San Francisco,SF,,,,Indianapolis,IND,,,}}}{{header81,1,1,1,287590,"NFL WEEK 17 - Thursday, December 25th",,2025-12-25},{25001447,,7211154,,2025-12-25,2025-12-25,12-25,18:00,18:00,2025-12-25 18:00:00,,,,,,,{Dallas,DAL,,,,Washington,WAS,,,}}{25001449,,7211155,,2025-12-25,2025-12-25,12-25,21:30,21:30,2025-12-25 21:30:00,,,,,,,{Detroit,DET,,,,Minnesota,MIN,,,}}{25001451,,7211156,,2025-12-25,2025-12-25,12-25,01:15,01:15,2025-12-26 01:15:00,,,,,,,{Denver,DEN,,,,Kansas City,KC,,,}}}{{header83,1,1,1,293806,"NFL WEEK 17 - Sunday, December 28th",,2025-12-28},{25001453,,7211162,,2025-12-28,2025-12-28,12-28,18:00,18:00,2025-12-28 18:00:00,,,,,,,{Tampa Bay,TB,,,,Miami,MIA,,,}}{25001455,,7211161,,2025-12-28,2025-12-28,12-28,18:00,18:00,2025-12-28 18:00:00,,,,,,,{New Orleans,NO,,,,Tennessee,TEN,,,}}{25001457,,7211163,,2025-12-28,2025-12-28,12-28,18:00,18:00,2025-12-28 18:00:00,,,,,,,{Jacksonville,JAC,,,,Indianapolis,IND,,,}}{25001459,,7211164,,2025-12-28,2025-12-28,12-28,18:00,18:00,2025-12-28 18:00:00,,,,,,,{Pittsburgh,PIT,,,,Cleveland,CLE,,,}}{25001461,,7211165,,2025-12-28,2025-12-28,12-28,18:00,18:00,2025-12-28 18:00:00,,,,,,,{Arizona,ARI,,,,Cincinnati,CIN,,,}}{25001463,,7211158,,2025-12-28,2025-12-28,12-28,18:00,18:00,2025-12-28 18:00:00,,,,,,,{Seattle,SEA,,,,Carolina,CAR,,,}}{25001465,,7211160,,2025-12-28,2025-12-28,12-28,18:00,18:00,2025-12-28 18:00:00,,,,,,,{Baltimore,BAL,,,,Green Bay,GB,,,}}{25001467,,7211159,,2025-12-28,2025-12-28,12-28,18:00,18:00,2025-12-28 18:00:00,,,,,,,{Houston,HOU,,,,L.A. Chargers,LAC,,,}}{25001469,,7211157,,2025-12-28,2025-12-28,12-28,18:00,18:00,2025-12-28 18:00:00,,,,,,,{New England,NE,,,,N.Y. Jets,NYJ,,,}}{25001471,,7211167,,2025-12-28,2025-12-28,12-28,21:25,21:25,2025-12-28 21:25:00,,,,,,,{N.Y. Giants,NYG,,,,Las Vegas,LV,,,}}{25001473,,7211166,,2025-12-28,2025-12-28,12-28,21:25,21:25,2025-12-28 21:25:00,,,,,,,{Philadelphia,PHI,,,,Buffalo,BUF,,,}}{25001475,,7211168,,2025-12-28,2025-12-28,12-28,01:20,01:20,2025-12-29 01:20:00,,,,,,,{Chicago,CHI,,,,San Francisco,SF,,,}}}{{header85,1,1,1,287592,"NFL WEEK 17 - Monday, December 29th",,2025-12-29},{25001477,,7211169,,2025-12-29,2025-12-29,12-29,01:20,01:20,2025-12-30 01:20:00,,,,,,,{L.A. Rams,LAR,,,,Atlanta,ATL,,,}}}{{header87,1,1,1,295917,"NFL WEEK 18 - Sunday, January 4th",,2026-01-04},{25001479,,7211183,,2026-01-04,2026-01-04,01-04,18:00,18:00,2026-01-04 18:00:00,,,,,,,{Carolina,CAR,,,,Tampa Bay,TB,,,}}{25001481,,7211180,,2026-01-04,2026-01-04,01-04,18:00,18:00,2026-01-04 18:00:00,,,,,,,{Baltimore,BAL,,,,Pittsburgh,PIT,,,}}{25001483,,7211182,,2026-01-04,2026-01-04,01-04,18:00,18:00,2026-01-04 18:00:00,,,,,,,{Dallas,DAL,,,,N.Y. Giants,NYG,,,}}{25001485,,7211173,,2026-01-04,2026-01-04,01-04,18:00,18:00,2026-01-04 18:00:00,,,,,,,{Washington,WAS,,,,Philadelphia,PHI,,,}}{25001487,,7211179,,2026-01-04,2026-01-04,01-04,18:00,18:00,2026-01-04 18:00:00,,,,,,,{Detroit,DET,,,,Chicago,CHI,,,}}{25001489,,7211177,,2026-01-04,2026-01-04,01-04,18:00,18:00,2026-01-04 18:00:00,,,,,,,{N.Y. Jets,NYJ,,,,Buffalo,BUF,,,}}{25001491,,7211172,,2026-01-04,2026-01-04,01-04,18:00,18:00,2026-01-04 18:00:00,,,,,,,{Indianapolis,IND,,,,Houston,HOU,,,}}{25001493,,7211181,,2026-01-04,2026-01-04,01-04,18:00,18:00,2026-01-04 18:00:00,,,,,,,{New Orleans,NO,,,,Atlanta,ATL,,,}}{25001495,,7211178,,2026-01-04,2026-01-04,01-04,18:00,18:00,2026-01-04 18:00:00,,,,,,,{Cleveland,CLE,,,,Cincinnati,CIN,,,}}{25001497,,7211184,,2026-01-04,2026-01-04,01-04,18:00,18:00,2026-01-04 18:00:00,,,,,,,{Kansas City,KC,,,,Las Vegas,LV,,,}}{25001499,,7211176,,2026-01-04,2026-01-04,01-04,18:00,18:00,2026-01-04 18:00:00,,,,,,,{Green Bay,GB,,,,Minnesota,MIN,,,}}{25001501,,7211171,,2026-01-04,2026-01-04,01-04,18:00,18:00,2026-01-04 18:00:00,,,,,,,{Arizona,ARI,,,,L.A. Rams,LAR,,,}}{25001503,,7211174,,2026-01-04,2026-01-04,01-04,18:00,18:00,2026-01-04 18:00:00,,,,,,,{Miami,MIA,,,,New England,NE,,,}}{25001505,,7211170,,2026-01-04,2026-01-04,01-04,18:00,18:00,2026-01-04 18:00:00,,,,,,,{Seattle,SEA,,,,San Francisco,SF,,,}}{25001507,,7211175,,2026-01-04,2026-01-04,01-04,18:00,18:00,2026-01-04 18:00:00,,,,,,,{Tennessee,TEN,,,,Jacksonville,JAC,,,}}{25001509,,7211185,,2026-01-04,2026-01-04,01-04,21:05,21:05,2026-01-04 21:05:00,,,,,,,{L.A. Chargers,LAC,,,,Denver,DEN,,,}}}{{header89,1,1,1,295912,"TEST GAME - Sunday, February 1st",,2026-02-01},{20001301,,7233324,,2026-02-01,2026-02-01,02-01,20:52,20:52,2025-10-09 20:52:00,,,,,,,{Test A,null,,,,Test B,null,,,}}}{{header92,2,3,1,300973,"NBA - Wednesday, October 29th",,2025-10-29},{551,,7244661,,2025-10-29,2025-10-29,10-29,23:10,23:10,2025-10-29 23:10:00,,,,,,,{Orlando,ORL,,,,Detroit,DET,,,}}{553,,7244662,,2025-10-29,2025-10-29,10-29,23:10,23:10,2025-10-29 23:10:00,,,,,,,{Cleveland,CLE,,,,Boston,BOS,,,}}{555,,7244663,,2025-10-29,2025-10-29,10-29,23:40,23:40,2025-10-29 23:40:00,,,,,,,{Atlanta,ATL,,,,Brooklyn,BRK,,,}}{557,,7244664,,2025-10-29,2025-10-29,10-29,22:40,22:40,2025-10-29 22:40:00,,,,,,,{Houston,HOU,,,,Toronto,TOR,,,}}{559,,7244665,,2025-10-29,2025-10-29,10-29,00:10,00:10,2025-10-30 00:10:00,,,,,,,{Sacramento,SAC,,,,Chicago,CHI,,,}}{561,,7244666,,2025-10-29,2025-10-29,10-29,00:40,00:40,2025-10-30 00:40:00,,,,,,,{Indiana,IND,,,,Dallas,DAL,,,}}{563,,7244667,,2025-10-29,2025-10-29,10-29,01:10,01:10,2025-10-30 01:10:00,,,,,,,{Portland,POR,,,,Utah,UTA,,,}}{565,,7244668,,2025-10-29,2025-10-29,10-29,01:10,01:10,2025-10-30 01:10:00,,,,,,,{New Orleans,NO,,,,Denver,DEN,,,}}{567,,7244669,,2025-10-29,2025-10-29,10-29,01:40,01:40,2025-10-30 01:40:00,,,,,,,{L.A. Lakers,LAL,,,,Minnesota,MIN,,,}}{569,,7244670,,2025-10-29,2025-10-29,10-29,02:10,02:10,2025-10-30 02:10:00,,,,,,,{Memphis,MEM,,,,Phoenix,PHO,,,}}}{{header11,3,5,1,170643,"MAJOR LEAGUE BASEBALL - Saturday, September 24th  -  NATIONAL LEAGUE -",,2022-09-24},{901,,3241127,,2022-09-24,2022-09-24,09-24,20:05,20:05,2022-09-24 20:05:00,,,,,,,{Atlanta,ATL,K. Wright,,,Philadelphia,PHI,B. Falter,1,}}{903,,3241128,,2022-09-24,2022-09-24,09-24,22:10,22:10,2022-09-24 22:10:00,,,,,,,{Washington,WAS,E. Fedde,,,Miami,MIA,S. Alcantara,,}}{905,,3241129,,2022-09-24,2022-09-24,09-24,22:35,22:35,2022-09-24 22:35:00,,,,,,,{Chi. Cubs,CHC,W. Miley,1,,Pittsburgh,PIT,J. Oviedo,,}}{907,,3241130,,2022-09-24,2022-09-24,09-24,22:40,22:40,2022-09-24 22:40:00,,,,,,,{Milwaukee,MIL,C. Burnes,,,Cincinnati,CIN,G. Ashcraft,,}}{909,,3241125,,2022-09-24,2022-09-24,09-24,00:10,00:10,2022-09-25 00:10:00,,,,,,,{San Francisco,SF,A. Cobb,,,Arizona,ARI,M. Kelly,,}}{911,,3241131,,2022-09-24,2022-09-24,09-24,00:10,00:10,2022-09-25 00:10:00,,,,,,,{San Diego,SD,Y. Darvish,,,Colorado,COL,C. Kuhl,,}}{913,,3241126,,2022-09-24,2022-09-24,09-24,01:10,01:10,2022-09-25 01:10:00,,,,,,,{St. Louis,STL,J. Montgomery,1,,LA Dodgers,LAD,C. Kershaw,1,}}}{{header14,3,5,1,170644,"MAJOR LEAGUE BASEBALL - Saturday, September 24th  -  AMERICAN LEAGUE -",,2022-09-24},{915,,3241135,,2022-09-24,2022-09-24,09-24,17:05,17:05,2022-09-24 17:05:00,,,,,,,{Boston,BOS,N. Pivetta,,,NY Yankees,NYY,D. German,,}}{917,,3241136,,2022-09-24,2022-09-24,09-24,22:10,22:10,2022-09-24 22:10:00,,,,,,,{Toronto,TOR,A. Manoah,,,Tampa Bay,TB,D. Rasmussen,,}}{919,,3241137,,2022-09-24,2022-09-24,09-24,23:05,23:05,2022-09-24 23:05:00,,,,,,,{Cleveland,CLE,C. Quantrill,,,Texas,TEX,G. Otto,,}}{921,,3241132,,2022-09-24,2022-09-24,09-24,23:05,23:05,2022-09-24 23:05:00,,,,,,,{Houston,HOU,F. Valdez,1,,Baltimore,BAL,M. Baumann,,}}{923,,3241134,,2022-09-24,2022-09-24,09-24,23:10,23:10,2022-09-24 23:10:00,,,,,,,{Detroit,DET,D. Hutchison,,,Chi. White Sox,CHW,D. Martin,,}}{925,,3241133,,2022-09-24,2022-09-24,09-24,23:10,23:10,2022-09-24 23:10:00,,,,,,,{Seattle,SEA,L. Gilbert,,,Kansas City,KC,K. Bubic,1,}}{927,,3241138,,2022-09-24,2022-09-24,09-24,23:10,23:10,2022-09-24 23:10:00,,,,,,,{LA Angels,LAA,R. Detmers,1,,Minnesota,MIN,J. Ryan,,}}}{{header17,3,5,1,170645,"MAJOR LEAGUE BASEBALL - Saturday, September 24th  -  INTERLEAGUE -",,2022-09-24},{929,,3241139,,2022-09-24,2022-09-24,09-24,20:07,20:07,2022-09-24 20:07:00,,,,,,,{NY Mets,NYM,J. DeGrom,,,Athletics,ATH,K. Waldichuk,1,}}}{{header23,3,118,1,170646,"MAJOR LEAGUE BASEBALL - Saturday, September 24th  -  WRITE-IN GAMES -",,2022-09-24},{931,,3241140,,2022-09-24,2022-09-24,09-24,02:00,02:00,2022-09-25 02:00:00,,,,,,,{&nbsp;,&nbsp;,,,,&nbsp;,&nbsp;,,,}}{933,,3241141,,2022-09-24,2022-09-24,09-24,02:00,02:00,2022-09-25 02:00:00,,,,,,,{&nbsp;,&nbsp;,,,,&nbsp;,&nbsp;,,,}}}{{header119,3,117,1,170647,"MLB IN-GAME LINES -",,2022-09-24},{9901,,3241145,,2022-09-24,2022-09-24,09-24,06:50,06:50,2022-09-25 06:50:00,,,,,,,{Atlanta,ATL,,,,Philadelphia,PHI,,,}}{9903,,3241146,,2022-09-24,2022-09-24,09-24,06:50,06:50,2022-09-25 06:50:00,,,,,,,{Washington,WAS,,,,Miami,MIA,,,}}{9905,,3241147,,2022-09-24,2022-09-24,09-24,06:50,06:50,2022-09-25 06:50:00,,,,,,,{Chi. Cubs,CHC,,,,Pittsburgh,PIT,,,}}{9907,,3241148,,2022-09-24,2022-09-24,09-24,06:50,06:50,2022-09-25 06:50:00,,,,,,,{Milwaukee,MIL,,,,Cincinnati,CIN,,,}}{9909,,3241149,,2022-09-24,2022-09-24,09-24,06:50,06:50,2022-09-25 06:50:00,,,,,,,{San Francisco,SF,,,,Arizona,ARI,,,}}{9911,,3241150,,2022-09-24,2022-09-24,09-24,06:50,06:50,2022-09-25 06:50:00,,,,,,,{San Diego,SD,,,,Colorado,COL,,,}}{9913,,3241151,,2022-09-24,2022-09-24,09-24,06:50,06:50,2022-09-25 06:50:00,,,,,,,{St. Louis,STL,,,,LA Dodgers,LAD,,,}}{9915,,3241152,,2022-09-24,2022-09-24,09-24,06:50,06:50,2022-09-25 06:50:00,,,,,,,{Boston,BOS,,,,NY Yankees,NYY,,,}}{9917,,3241153,,2022-09-24,2022-09-24,09-24,06:50,06:50,2022-09-25 06:50:00,,,,,,,{Toronto,TOR,,,,Tampa Bay,TB,,,}}{9919,,3241154,,2022-09-24,2022-09-24,09-24,06:50,06:50,2022-09-25 06:50:00,,,,,,,{Cleveland,CLE,,,,Texas,TEX,,,}}{9921,,3241155,,2022-09-24,2022-09-24,09-24,06:50,06:50,2022-09-25 06:50:00,,,,,,,{Houston,HOU,,,,Baltimore,BAL,,,}}{9923,,3241156,,2022-09-24,2022-09-24,09-24,06:50,06:50,2022-09-25 06:50:00,,,,,,,{Detroit,DET,,,,Chi. White Sox,CHW,,,}}{9925,,3241157,,2022-09-24,2022-09-24,09-24,06:50,06:50,2022-09-25 06:50:00,,,,,,,{Seattle,SEA,,,,Kansas City,KC,,,}}{9927,,3241158,,2022-09-24,2022-09-24,09-24,06:50,06:50,2022-09-25 06:50:00,,,,,,,{LA Angels,LAA,,,,Minnesota,MIN,,,}}{9929,,3241159,,2022-09-24,2022-09-24,09-24,06:50,06:50,2022-09-25 06:50:00,,,,,,,{NY Mets,NYM,,,,Athletics,ATH,,,}}{9931,,3241160,,2022-09-24,2022-09-24,09-24,06:50,06:50,2022-09-25 06:50:00,,,,,,,{&nbsp;,&nbsp;,,,,&nbsp;,&nbsp;,,,}}{9933,,3241161,,2022-09-24,2022-09-24,09-24,06:50,06:50,2022-09-25 06:50:00,,,,,,,{&nbsp;,&nbsp;,,,,&nbsp;,&nbsp;,,,}}}{{header136,3,120,1,170729,"MAJOR LEAGUE BASEBALL - Saturday, September 24th  -  GRAND SALAMI -",,2022-09-24},{995,,3241417,,2022-09-24,2022-09-24,09-24,17:05,17:05,2022-09-24 17:05:00,,,,,,,{AWAY RUNS,AWAY RUNS,,,,HOME RUNS,HOME RUNS,,,}}{997,,3241418,,2022-09-24,2022-09-24,09-24,17:05,17:05,2022-09-24 17:05:00,,,,,,,{OVER RUNS,OVER RUNS,,,,UNDER RUNS,UNDER RUNS,,,}}}{{header26,4,7,1,170168,"NHL PRESEASON - Saturday, September 24th",,2022-09-24},{1,,3159253,,2022-09-24,2022-09-24,09-24,23:05,23:05,2022-09-24 23:05:00,,,,,,,{Boston,BOS,,,,Philadelphia,PHI,,,}}{3,,3159254,,2022-09-24,2022-09-24,09-24,00:05,00:05,2022-09-25 00:05:00,,1,"Intrust Arena","Wichita, KS",,,{St. Louis,STL,,,,Utah,UTA,,,}}}{{header95,4,122,1,170191,"NHL IN-GAME LINES -",,2022-09-24},{9001,,3159343,,2022-09-24,2022-09-24,09-24,06:50,06:50,2022-09-25 06:50:00,,,,,,,{BRUINS,BRUINS,,,,FLYERS,FLYERS,,,}}{9003,,3159344,,2022-09-24,2022-09-24,09-24,06:50,06:50,2022-09-25 06:50:00,,,,,,,{BLUES,BLUES,,,,COYOTES,COYOTES,,,}}}{{header107,2,231,1,300776,"ARGENTINA LIGA A - Wednesday, October 29th",,2025-10-29},{300053,,7244058,,2025-10-29,2025-10-29,10-29,01:30,01:30,2025-10-30 01:30:00,,,,,,,{Independiente de Oliva,null,,,,Quimsa,Quimsa,,,}}}{{header98,2,166,1,300480,"AUSTRALIA NBL - Wednesday, October 29th",,2025-10-29},{300159,,7243703,,2025-10-29,2025-10-29,10-29,08:30,08:30,2025-10-29 08:30:00,,,,,,,{Perth,null,,,,Tasmania JackJumpers,null,,,}}}{{header101,2,167,1,300782,"BRAZIL NBB - Wednesday, October 29th",,2025-10-29},{300461,,7244070,,2025-10-29,2025-10-29,10-29,22:00,22:00,2025-10-29 22:00:00,,,,,,,{Botafogo,Botafogo,,,,Mogi,Mogi,,,}}{300463,,7244071,,2025-10-29,2025-10-29,10-29,22:30,22:30,2025-10-29 22:30:00,,,,,,,{Flamengo,Flamengo,,,,Sao Jose,Sao Jose,,,}}{300465,,7244072,,2025-10-29,2025-10-29,10-29,22:30,22:30,2025-10-29 22:30:00,,,,,,,{Cruzeiro,null,,,,Pato,Pato,,,}}{300467,,7244073,,2025-10-29,2025-10-29,10-29,23:00,23:00,2025-10-29 23:00:00,,,,,,,{Vasco,Vasco,,,,Corinthians Paulista,Corinthians Paulista,,,}}}{{header95,2,34,1,300789,"EUROLEAGUE BASKETBALL - Wednesday, October 29th",,2025-10-29},{305917,,7244091,,2025-10-29,2025-10-29,10-29,19:15,19:15,2025-10-29 19:15:00,,,,,,,{Monaco,Monaco,,,,Olympiakos,Olympiakos,,,}}{305919,,7244092,,2025-10-29,2025-10-29,10-29,18:00,18:00,2025-10-29 18:00:00,,,,,,,{Partizan,Partizan,,,,Hapoel Tel-Aviv,null,,,}}}{{header104,2,173,1,300794,"PHILIPPINES CUP - Wednesday, October 29th",,2025-10-29},{301351,,7244108,,2025-10-29,2025-10-29,10-29,09:15,09:15,2025-10-29 09:15:00,,,,,,,{NLEX Road Warriors,null,,,,Blackwater Bossing,null,,,}}{301353,,7244109,,2025-10-29,2025-10-29,10-29,11:30,11:30,2025-10-29 11:30:00,,,,,,,{TNT Tropang Giga,null,,,,Meralco Bolts,null,,,}}}{{header110,2,267,1,300799,"SOUTH KOREA KBL - Wednesday, October 29th",,2025-10-29},{301847,,7244117,,2025-10-29,2025-10-29,10-29,10:00,10:00,2025-10-29 10:00:00,,,,,,,{Wonju DB,Wonju DB,,,,KoGas,KoGas,,,}}}{{header124,3,130,1,170649,"MILB TRIPLE-A EAST IN-GAME LINES -",,2022-09-24},{396065,,3241172,,2022-09-24,2022-09-24,09-24,06:50,06:50,2022-09-25 06:50:00,,,,,,,{Rochester Red Wings,null,,,,Buffalo Bisons,null,,,}}{396067,,3241173,,2022-09-24,2022-09-24,09-24,06:50,06:50,2022-09-25 06:50:00,,,,,,,{Nashville Sounds,null,,,,Louisville Bats,null,,,}}{396069,,3241174,,2022-09-24,2022-09-24,09-24,06:50,06:50,2022-09-25 06:50:00,,,,,,,{Gwinnett Stripers,null,,,,Memphis Redbirds,null,,,}}{396071,,3241175,,2022-09-24,2022-09-24,09-24,06:50,06:50,2022-09-25 06:50:00,,,,,,,{Syracuse Mets,null,,,,Worcester Red Sox,null,,,}}{396073,,3241176,,2022-09-24,2022-09-24,09-24,06:50,06:50,2022-09-25 06:50:00,,,,,,,{Columbus Clippers,Columbus Clippers,,,,Toledo Mud Hens,Toledo Mud Hens,,,}}{396075,,3241177,,2022-09-24,2022-09-24,09-24,06:50,06:50,2022-09-25 06:50:00,,,,,,,{St. Paul Saints,null,,,,Indianapolis Indians,null,,,}}{396077,,3241178,,2022-09-24,2022-09-24,09-24,06:50,06:50,2022-09-25 06:50:00,,,,,,,{Norfolk Tides,null,,,,Durham Bulls,null,,,}}{396079,,3241179,,2022-09-24,2022-09-24,09-24,06:50,06:50,2022-09-25 06:50:00,,,,,,,{Charlotte Knights,null,,,,Jacksonville Jumbo Shrimp,null,,,}}{396081,,3241180,,2022-09-24,2022-09-24,09-24,06:50,06:50,2022-09-25 06:50:00,,,,,,,{Scranton/Wilkes-Barre,null,,,,Lehigh Valley IronPigs,null,,,}}{396083,,3241181,,2022-09-24,2022-09-24,09-24,06:50,06:50,2022-09-25 06:50:00,,,,,,,{Iowa Cubs,null,,,,Omaha Storm Chasers,null,,,}}}{{header129,3,131,1,170651,"MILB TRIPLE-A WEST IN-GAME LINES -",,2022-09-24},{396285,,3241187,,2022-09-24,2022-09-24,09-24,06:50,06:50,2022-09-25 06:50:00,,,,,,,{Albuquerque Isotopes,null,,,,Sugar Land Space Cowboys,Sugar Land Space Cowboys,,,}}{396287,,3241188,,2022-09-24,2022-09-24,09-24,06:50,06:50,2022-09-25 06:50:00,,,,,,,{Round Rock Express,null,,,,Tacoma Rainiers,null,,,}}{396289,,3241189,,2022-09-24,2022-09-24,09-24,06:50,06:50,2022-09-25 06:50:00,,,,,,,{Sacramento River Cats,null,,,,Salt Lake Bees,Salt Lake Bees,,,}}{396291,,3241190,,2022-09-24,2022-09-24,09-24,06:50,06:50,2022-09-25 06:50:00,,,,,,,{Oklahoma City Comets,null,,,,El Paso Chihuahuas,El Paso Chihuahuas,,,}}{396293,,3241191,,2022-09-24,2022-09-24,09-24,06:50,06:50,2022-09-25 06:50:00,,,,,,,{Reno Aces,null,,,,Las Vegas Aviators,null,,,}}}{{header114,3,240,1,170590,"JAPAN NPB - Saturday, September 24th",,2022-09-24},{304115,,3224561,,2022-09-24,2022-09-24,09-24,09:00,09:00,2022-09-24 09:00:00,,,,,,,{Yokohama Baystars,Yokohama Baystars,,,,Yakult Swallows,Yakult Swallows,,,}}{304117,,3224562,,2022-09-24,2022-09-24,09-24,09:00,09:00,2022-09-24 09:00:00,,,,,,,{Seibu Lions,Seibu Lions,,,,Nippon Ham Fighters,Nippon Ham Fighters,,,}}{304119,,3224563,,2022-09-24,2022-09-24,09-24,04:00,04:00,2022-09-25 04:00:00,,,,,,,{Chiba Lotte Marines,Chiba Lotte Marines,,,,Fukuoka S. Hawks,Fukuoka S. Hawks,,,}}{304121,,3224564,,2022-09-24,2022-09-24,09-24,05:00,05:00,2022-09-25 05:00:00,,,,,,,{Yomiuri Giants,Yomiuri Giants,,,,Chunichi Dragons,Chunichi Dragons,,,}}}{{header127,3,96,1,170650,"MILB AAA Pacific - Saturday, September 24th",,2022-09-24},{306285,,3241182,,2022-09-24,2022-09-24,09-24,23:05,23:05,2022-09-24 23:05:00,,,,,,,{Albuquerque Isotopes,null,,,,Sugar Land Space Cowboys,Sugar Land Space Cowboys,,,}}{306287,,3241183,,2022-09-24,2022-09-24,09-24,23:49,23:49,2022-09-24 23:49:00,,,,,,,{Round Rock Express,null,,,,Tacoma Rainiers,null,,,}}{306289,,3241184,,2022-09-24,2022-09-24,09-24,00:35,00:35,2022-09-25 00:35:00,,,,,,,{Sacramento River Cats,null,,,,Salt Lake Bees,Salt Lake Bees,,,}}{306291,,3241185,,2022-09-24,2022-09-24,09-24,00:35,00:35,2022-09-25 00:35:00,,,,,,,{Oklahoma City Comets,null,,,,El Paso Chihuahuas,El Paso Chihuahuas,,,}}{306293,,3241186,,2022-09-24,2022-09-24,09-24,02:05,02:05,2022-09-25 02:05:00,,,,,,,{Reno Aces,null,,,,Las Vegas Aviators,null,,,}}}{{header122,3,95,1,170648,"MILB TRIPLE-A EAST - Saturday, September 24th",,2022-09-24},{306065,,3241162,,2022-09-24,2022-09-24,09-24,17:05,17:05,2022-09-24 17:05:00,,,,,,,{Rochester Red Wings,null,,,,Buffalo Bisons,null,,,}}{306067,,3241163,,2022-09-24,2022-09-24,09-24,17:05,17:05,2022-09-24 17:05:00,,,,,,,{Nashville Sounds,null,,,,Louisville Bats,null,,,}}{306069,,3241164,,2022-09-24,2022-09-24,09-24,20:05,20:05,2022-09-24 20:05:00,,,,,,,{Gwinnett Stripers,null,,,,Memphis Redbirds,null,,,}}{306071,,3241165,,2022-09-24,2022-09-24,09-24,20:05,20:05,2022-09-24 20:05:00,,,,,,,{Syracuse Mets,null,,,,Worcester Red Sox,null,,,}}{306073,,3241166,,2022-09-24,2022-09-24,09-24,21:05,21:05,2022-09-24 21:05:00,,,,,,,{Columbus Clippers,Columbus Clippers,,,,Toledo Mud Hens,Toledo Mud Hens,,,}}{306075,,3241167,,2022-09-24,2022-09-24,09-24,22:35,22:35,2022-09-24 22:35:00,,,,,,,{St. Paul Saints,null,,,,Indianapolis Indians,null,,,}}{306077,,3241168,,2022-09-24,2022-09-24,09-24,22:35,22:35,2022-09-24 22:35:00,,,,,,,{Norfolk Tides,null,,,,Durham Bulls,null,,,}}{306079,,3241169,,2022-09-24,2022-09-24,09-24,22:35,22:35,2022-09-24 22:35:00,,,,,,,{Charlotte Knights,null,,,,Jacksonville Jumbo Shrimp,null,,,}}{306081,,3241170,,2022-09-24,2022-09-24,09-24,22:35,22:35,2022-09-24 22:35:00,,,,,,,{Scranton/Wilkes-Barre,null,,,,Lehigh Valley IronPigs,null,,,}}{306083,,3241171,,2022-09-24,2022-09-24,09-24,23:35,23:35,2022-09-24 23:35:00,,,,,,,{Iowa Cubs,null,,,,Omaha Storm Chasers,null,,,}}}{{header117,3,214,1,170591,"SOUTH KOREA KBO - Saturday, September 24th",,2022-09-24},{304611,,3224565,,2022-09-24,2022-09-24,09-24,08:00,08:00,2022-09-24 08:00:00,,,,,,,{Doosan Bears,Doosan Bears,,,,SSG Landers,SSG Landers,,,}}{304613,,3224566,,2022-09-24,2022-09-24,09-24,08:00,08:00,2022-09-24 08:00:00,,,,,,,{Lotte Giants,Lotte Giants,,,,Kiwoom Heroes,Kiwoom Heroes,,,}}{304615,,3224567,,2022-09-24,2022-09-24,09-24,08:00,08:00,2022-09-24 08:00:00,,,,,,,{Hanwha Eagles,Hanwha Eagles,,,,LG Twins,LG Twins,,,}}{304617,,3224568,,2022-09-24,2022-09-24,09-24,08:00,08:00,2022-09-24 08:00:00,,,,,,,{KIA Tigers,KIA Tigers,,,,NC Dinos,NC Dinos,,,}}{304619,,3224569,,2022-09-24,2022-09-24,09-24,05:00,05:00,2022-09-25 05:00:00,,,,,,,{LG Twins,LG Twins,,,,SSG Landers,SSG Landers,,,}}{304621,,3241142,,2022-09-24,2022-09-24,09-24,05:00,05:00,2022-09-25 05:00:00,,,,,,,{Hanwha Eagles,Hanwha Eagles,,,,Doosan Bears,Doosan Bears,,,}}{304623,,3241143,,2022-09-24,2022-09-24,09-24,05:00,05:00,2022-09-25 05:00:00,,,,,,,{KT Wiz Suwon,KT Wiz Suwon,,,,NC Dinos,NC Dinos,,,}}{304625,,3241144,,2022-09-24,2022-09-24,09-24,05:00,05:00,2022-09-25 05:00:00,,,,,,,{KIA Tigers,KIA Tigers,,,,Samsung Lions,Samsung Lions,,,}}}{{header105,4,285,1,170531,"ENGLAND ELITE LEAGUE - Saturday, September 24th",,2022-09-24},{302723,,3208416,,2022-09-24,2022-09-24,09-24,18:00,18:00,2022-09-24 18:00:00,,,,,,,{Glasgow,Glasgow,,,,Cardiff,Cardiff,,,}}{302725,,3208417,,2022-09-24,2022-09-24,09-24,18:15,18:15,2022-09-24 18:15:00,,,,,,,{Manchester,Manchester,,,,Fife,Fife,,,}}}{{header77,5,9,1,170445,"ARGENTINA SUPERLIGA - Saturday, September 24th",,2022-09-24},{208125,,3185378,,2022-09-24,2022-09-24,09-24,16:00,16:00,2022-09-24 16:00:00,,,,,,,{Arsenal Sarandi,Arsenal Sarandi,,,,Sarmiento Junin,Sarmiento Junin,,,,Draw,Draw,,,,Total,Total,,,}}{208129,,3185379,,2022-09-24,2022-09-24,09-24,16:00,16:00,2022-09-24 16:00:00,,,,,,,{Patronato,Patronato,,,,Defensa y Justicia,Defensa y Justicia,,,,Draw,Draw,,,,Total,Total,,,}}{208141,,3185380,,2022-09-24,2022-09-24,09-24,18:30,18:30,2022-09-24 18:30:00,,,,,,,{San Lorenzo,San Lorenzo,,,,Lanus,Lanus,,,,Draw,Draw,,,,Total,Total,,,}}{208145,,3185381,,2022-09-24,2022-09-24,09-24,23:30,23:30,2022-09-24 23:30:00,,,,,,,{Newells Old Boys,Newells Old Boys,,,,Independiente,Independiente,,,,Draw,Draw,,,,Total,Total,,,}}{208153,,3185382,,2022-09-24,2022-09-24,09-24,21:00,21:00,2022-09-24 21:00:00,,,,,,,{Talleres Cordoba,Talleres Cordoba,,,,River Plate,River Plate,,,,Draw,Draw,,,,Total,Total,,,}}}{{header45,5,9,1,170003,"ARGENTINA PRIMERA NACIONAL - Saturday, September 24th",,2022-09-24},{210701,,3123847,,2022-09-24,2022-09-24,09-24,18:30,18:30,2022-09-24 18:30:00,,,,,,,{Flandria,Flandria,,,,Agropecuario,Agropecuario,,,,Draw,Draw,,,,Total,Total,,,}}{210725,,3123853,,2022-09-24,2022-09-24,09-24,19:00,19:00,2022-09-24 19:00:00,,,,,,,{Almirante Brown,Almirante Brown,,,,San Martin Tucuman,San Martin Tucuman,,,,Draw,Draw,,,,Total,Total,,,}}{210737,,3123856,,2022-09-24,2022-09-24,09-24,18:30,18:30,2022-09-24 18:30:00,,,,,,,{San Telmo,San Telmo,,,,Estudiantes Caseros,Estudiantes Caseros,,,,Draw,Draw,,,,Total,Total,,,}}{210753,,3123860,,2022-09-24,2022-09-24,09-24,18:30,18:30,2022-09-24 18:30:00,,,,,,,{Deportivo Riestra,Deportivo Riestra,,,,Chacarita Juniors,Chacarita Juniors,,,,Draw,Draw,,,,Total,Total,,,}}}{{header47,5,9,1,170004,"BRAZIL SERIE B - Saturday, September 24th",,2022-09-24},{208553,,3123862,,2022-09-24,2022-09-24,09-24,14:00,14:00,2022-09-24 14:00:00,,,,,,,{Brusque,Brusque,,,,Ituano,Ituano,,,,Draw,Draw,,,,Total,Total,,,}}{208573,,3123863,,2022-09-24,2022-09-24,09-24,21:15,21:15,2022-09-24 21:15:00,,,,,,,{Operario PR,Operario PR,,,,Bahia,Bahia,,,,Draw,Draw,,,,Total,Total,,,}}}{{header49,5,291,1,170005,"CANADIAN PREMIER LEAGUE - Saturday, September 24th",,2022-09-24},{235757,,3123865,,2022-09-24,2022-09-24,09-24,21:30,21:30,2022-09-24 21:30:00,,,,,,,{Atletico Ottawa,Atletico Ottawa,,,,Cavalry,Cavalry,,,,DRAW,DRAW,,,,TOTAL,TOTAL,,,}}}{{header51,5,9,1,170006,"CHILE PRIMERA B DIVISION - Saturday, September 24th",,2022-09-24},{236401,,3123866,,2022-09-24,2022-09-24,09-24,15:30,15:30,2022-09-24 15:30:00,,,,,,,{Melipilla,Melipilla,,,,Barnechea,Barnechea,,,,Draw,Draw,,,,Total,Total,,,}}{236405,,3123867,,2022-09-24,2022-09-24,09-24,18:00,18:00,2022-09-24 18:00:00,,,,,,,{RANGERS,RANGERS,,,,Santiago Morning,Santiago Morning,,,,Draw,Draw,,,,Total,Total,,,}}}{{header91,5,9,1,170007,"CHINA CSL - Saturday, September 24th",,2022-09-24},{213091,,3159338,,2022-09-24,2022-09-24,09-24,12:00,12:00,2022-09-24 12:00:00,,,,,,,{Shandong Taishan,Shandong Taishan,,,,Shenzhen,Shenzhen,,,,Draw,Draw,,,,Total,Total,,,}}{213151,,3189582,,2022-09-24,2022-09-24,09-24,09:30,09:30,2022-09-24 09:30:00,,,,,,,{Wuhan FC,Wuhan FC,,,,Changchun Yatai,Changchun Yatai,,,,Draw,Draw,,,,Total,Total,,,}}{213155,,3189583,,2022-09-24,2022-09-24,09-24,11:30,11:30,2022-09-24 11:30:00,,,,,,,{Cangzhou Mighty Lions,Cangzhou Mighty Lions,,,,Wuhan Three Towns,Wuhan Three Towns,,,,Draw,Draw,,,,Total,Total,,,}}{213159,,3189584,,2022-09-24,2022-09-24,09-24,11:30,11:30,2022-09-24 11:30:00,,,,,,,{Beijing Guoan,Beijing Guoan,,,,Dalian Pro,Dalian Pro,,,,Draw,Draw,,,,Total,Total,,,}}}{{header53,5,9,1,170008,"COLOMBIA LIGA AGUILA - Saturday, September 24th",,2022-09-24},{213285,,3123873,,2022-09-24,2022-09-24,09-24,19:00,19:00,2022-09-24 19:00:00,,,,,,,{Once Caldas,Once Caldas,,,,Atletico Bucaramanga,Atletico Bucaramanga,,,,Draw,Draw,,,,Total,Total,,,}}{213289,,3123874,,2022-09-24,2022-09-24,09-24,21:30,21:30,2022-09-24 21:30:00,,,,,,,{America de Cali,America de Cali,,,,Millonarios,Millonarios,,,,Draw,Draw,,,,Total,Total,,,}}}{{header55,5,227,1,170009,"COSTA RICA PRIMERA DIVISION - Saturday, September 24th",,2022-09-24},{209001,,3123876,,2022-09-24,2022-09-24,09-24,02:00,02:00,2022-09-25 02:00:00,,,,,,,{Alajuelense,Alajuelense,,,,San Carlos,San Carlos,,,,DRAW,DRAW,,,,TOTAL,TOTAL,,,}}{209005,,3123877,,2022-09-24,2022-09-24,09-24,02:00,02:00,2022-09-25 02:00:00,,,,,,,{Herediano,Herediano,,,,Perez Zeledon,Perez Zeledon,,,,DRAW,DRAW,,,,TOTAL,TOTAL,,,}}{209193,,3123875,,2022-09-24,2022-09-24,09-24,23:00,23:00,2022-09-24 23:00:00,,,,,,,{Grecia,Grecia,,,,Guadalupe,Guadalupe,,,,DRAW,DRAW,,,,TOTAL,TOTAL,,,}}}{{header131,5,9,1,170652,"ECUADOR SERIE A - Saturday, September 24th",,2022-09-24},{214201,,3241192,,2022-09-24,2022-09-24,09-24,21:30,21:30,2022-09-24 21:30:00,,,,,,,{Nueve de Octubre,Nueve de Octubre,,,,Universidad Catolica,Universidad Catolica,,,,Draw,Draw,,,,Total,Total,,,}}{214205,,3241193,,2022-09-24,2022-09-24,09-24,00:00,00:00,2022-09-25 00:00:00,,,,,,,{Macara,Macara,,,,Independiente del Valle,Independiente del Valle,,,,Draw,Draw,,,,Total,Total,,,}}}{{header57,5,9,1,170010,"ENGLAND LEAGUE 1 - Saturday, September 24th",,2022-09-24},{200889,,3123878,,2022-09-24,2022-09-24,09-24,11:30,11:30,2022-09-24 11:30:00,,,,,,,{Exeter City,Exeter City,,,,Forest Green Rovers,Forest Green Rovers,,,,Draw,Draw,,,,Total,Total,,,}}{200897,,3123880,,2022-09-24,2022-09-24,09-24,14:00,14:00,2022-09-24 14:00:00,,,,,,,{Wycombe Wanderers,Wycombe Wanderers,,,,Sheffield Wednesday,Sheffield Wednesday,,,,Draw,Draw,,,,Total,Total,,,}}{200905,,3123882,,2022-09-24,2022-09-24,09-24,14:00,14:00,2022-09-24 14:00:00,,,,,,,{Port Vale,Port Vale,,,,Peterborough,Peterborough,,,,Draw,Draw,,,,Total,Total,,,}}{200913,,3123884,,2022-09-24,2022-09-24,09-24,14:00,14:00,2022-09-24 14:00:00,,,,,,,{Charlton,Charlton,,,,Barnsley,Barnsley,,,,Draw,Draw,,,,Total,Total,,,}}{200917,,3123885,,2022-09-24,2022-09-24,09-24,14:00,14:00,2022-09-24 14:00:00,,,,,,,{Cambridge United,Cambridge United,,,,Morecambe,Morecambe,,,,Draw,Draw,,,,Total,Total,,,}}{200921,,3123886,,2022-09-24,2022-09-24,09-24,14:00,14:00,2022-09-24 14:00:00,,,,,,,{Burton Albion,Burton Albion,,,,Shrewsbury Town,Shrewsbury Town,,,,Draw,Draw,,,,Total,Total,,,}}{200925,,3123887,,2022-09-24,2022-09-24,09-24,14:00,14:00,2022-09-24 14:00:00,,,,,,,{Accrington Stanley,Accrington Stanley,,,,Bristol Rovers,Bristol Rovers,,,,Draw,Draw,,,,Total,Total,,,}}}{{header59,5,9,1,170011,"ENGLAND LEAGUE 2 - Saturday, September 24th",,2022-09-24},{201089,,3123889,,2022-09-24,2022-09-24,09-24,13:00,13:00,2022-09-24 13:00:00,,,,,,,{Stockport County,Stockport County,,,,Northampton Town,Northampton Town,,,,Draw,Draw,,,,Total,Total,,,}}{201093,,3123890,,2022-09-24,2022-09-24,09-24,14:00,14:00,2022-09-24 14:00:00,,,,,,,{Crawley Town,Crawley Town,,,,Doncaster,Doncaster,,,,Draw,Draw,,,,Total,Total,,,}}{201097,,3123891,,2022-09-24,2022-09-24,09-24,14:00,14:00,2022-09-24 14:00:00,,,,,,,{AFC Wimbledon,AFC Wimbledon,,,,Bradford City,Bradford City,,,,Draw,Draw,,,,Total,Total,,,}}{201101,,3123892,,2022-09-24,2022-09-24,09-24,14:00,14:00,2022-09-24 14:00:00,,,,,,,{Swindon Town,Swindon Town,,,,Grimsby Town,Grimsby Town,,,,Draw,Draw,,,,Total,Total,,,}}{201105,,3123893,,2022-09-24,2022-09-24,09-24,14:00,14:00,2022-09-24 14:00:00,,,,,,,{Leyton Orient,Leyton Orient,,,,Barrow,Barrow,,,,Draw,Draw,,,,Total,Total,,,}}{201109,,3123894,,2022-09-24,2022-09-24,09-24,14:00,14:00,2022-09-24 14:00:00,,,,,,,{Harrogate Town,Harrogate Town,,,,Stevenage,Stevenage,,,,Draw,Draw,,,,Total,Total,,,}}{201113,,3123895,,2022-09-24,2022-09-24,09-24,14:00,14:00,2022-09-24 14:00:00,,,,,,,{Rochdale,Rochdale,,,,Colchester United,Colchester United,,,,Draw,Draw,,,,Total,Total,,,}}{201117,,3123896,,2022-09-24,2022-09-24,09-24,14:00,14:00,2022-09-24 14:00:00,,,,,,,{Mansfield,Mansfield,,,,Crewe Alexandra,Crewe Alexandra,,,,Draw,Draw,,,,Total,Total,,,}}{201121,,3123897,,2022-09-24,2022-09-24,09-24,14:00,14:00,2022-09-24 14:00:00,,,,,,,{Tranmere Rovers,Tranmere Rovers,,,,Walsall,Walsall,,,,Draw,Draw,,,,Total,Total,,,}}{201125,,3123898,,2022-09-24,2022-09-24,09-24,14:00,14:00,2022-09-24 14:00:00,,,,,,,{Gillingham,Gillingham,,,,Hartlepool United,Hartlepool United,,,,Draw,Draw,,,,Total,Total,,,}}{201129,,3123899,,2022-09-24,2022-09-24,09-24,14:00,14:00,2022-09-24 14:00:00,,,,,,,{Salford City,Salford City,,,,Sutton United,Sutton United,,,,Draw,Draw,,,,Total,Total,,,}}{201133,,3123900,,2022-09-24,2022-09-24,09-24,14:00,14:00,2022-09-24 14:00:00,,,,,,,{Carlisle United,Carlisle United,,,,Newport County,Newport County,,,,Draw,Draw,,,,Total,Total,,,}}}{{header61,5,9,1,170012,"ENGLAND VANARAMA NATIONAL LEAGUE - Saturday, September 24th",,2022-09-24},{226001,,3123901,,2022-09-24,2022-09-24,09-24,14:00,14:00,2022-09-24 14:00:00,,,,,,,{Torquay United,Torquay United,,,,Wrexham,Wrexham,,,,Draw,Draw,,,,Total,Total,,,}}{226005,,3123902,,2022-09-24,2022-09-24,09-24,14:00,14:00,2022-09-24 14:00:00,,,,,,,{Dorking Wanderers,Dorking Wanderers,,,,Scunthorpe United,Scunthorpe United,,,,Draw,Draw,,,,Total,Total,,,}}{226009,,3123903,,2022-09-24,2022-09-24,09-24,14:00,14:00,2022-09-24 14:00:00,,,,,,,{Southend,Southend,,,,Wealdstone,Wealdstone,,,,Draw,Draw,,,,Total,Total,,,}}{226013,,3123904,,2022-09-24,2022-09-24,09-24,14:00,14:00,2022-09-24 14:00:00,,,,,,,{Oldham Athletic,Oldham Athletic,,,,Bromley,Bromley,,,,Draw,Draw,,,,Total,Total,,,}}{226017,,3123905,,2022-09-24,2022-09-24,09-24,14:00,14:00,2022-09-24 14:00:00,,,,,,,{Gateshead,Gateshead,,,,Maidenhead United,Maidenhead United,,,,Draw,Draw,,,,Total,Total,,,}}{226021,,3123906,,2022-09-24,2022-09-24,09-24,14:00,14:00,2022-09-24 14:00:00,,,,,,,{Solihull Moors,Solihull Moors,,,,Woking,Woking,,,,Draw,Draw,,,,Total,Total,,,}}{226025,,3123907,,2022-09-24,2022-09-24,09-24,14:00,14:00,2022-09-24 14:00:00,,,,,,,{Aldershot Town,Aldershot Town,,,,Altrincham,Altrincham,,,,Draw,Draw,,,,Total,Total,,,}}{226029,,3123908,,2022-09-24,2022-09-24,09-24,14:00,14:00,2022-09-24 14:00:00,,,,,,,{Notts County,Notts County,,,,York City,York City,,,,Draw,Draw,,,,Total,Total,,,}}{226033,,3123909,,2022-09-24,2022-09-24,09-24,14:00,14:00,2022-09-24 14:00:00,,,,,,,{Halifax Town,Halifax Town,,,,Eastleigh,Eastleigh,,,,Draw,Draw,,,,Total,Total,,,}}{226037,,3123910,,2022-09-24,2022-09-24,09-24,14:00,14:00,2022-09-24 14:00:00,,,,,,,{Barnet,Barnet,,,,Dagenham and Redbridge,Dagenham and Redbridge,,,,Draw,Draw,,,,Total,Total,,,}}{226041,,3123911,,2022-09-24,2022-09-24,09-24,14:00,14:00,2022-09-24 14:00:00,,,,,,,{Boreham Wood,Boreham Wood,,,,Yeovil Town,Yeovil Town,,,,Draw,Draw,,,,Total,Total,,,}}{226045,,3123912,,2022-09-24,2022-09-24,09-24,14:00,14:00,2022-09-24 14:00:00,,,,,,,{Chesterfield,Chesterfield,,,,Maidstone United,Maidstone United,,,,Draw,Draw,,,,Total,Total,,,}}}{{header93,5,9,1,170190,"INTERNATIONAL FRIENDLIES - Saturday, September 24th",,2022-09-24},{236801,,3159339,,2022-09-24,2022-09-24,09-24,17:00,17:00,2022-09-24 17:00:00,,,,,,,{Senegal,Senegal,,,,Bolivia,Bolivia,,,,Draw,Draw,,,,Total,Total,,,}}{236805,,3159340,,2022-09-24,2022-09-24,09-24,23:30,23:30,2022-09-24 23:30:00,,,,,,,{Guatemala,Guatemala,,,,Colombia,Colombia,,,,Draw,Draw,,,,Total,Total,,,}}{236809,,3159341,,2022-09-24,2022-09-24,09-24,01:00,01:00,2022-09-25 01:00:00,,,,,,,{Mexico,Mexico,,,,Peru,Peru,,,,Draw,Draw,,,,Total,Total,,,}}{236813,,3159342,,2022-09-24,2022-09-24,09-24,02:00,02:00,2022-09-25 02:00:00,,,,,,,{Australia,Australia,,,,New Zealand,New Zealand,,,,Draw,Draw,,,,Total,Total,,,}}}{{header63,5,9,1,170014,"IRELAND PREMIER DIVISION - Saturday, September 24th",,2022-09-24},{205609,,3123915,,2022-09-24,2022-09-24,09-24,15:00,15:00,2022-09-24 15:00:00,,,,,,,{Bohemians,Bohemians,,,,Finn Harps,Finn Harps,,,,Draw,Draw,,,,Total,Total,,,}}}{{header8,5,21,1,169968,"MAJOR LEAGUE SOCCER - Saturday, September 24th",,2022-09-24},{209889,,1868039,,2022-09-24,2022-09-24,09-24,02:00,02:00,2022-09-25 02:00:00,,,,,,,{Los Angeles Galaxy,Los Angeles Galaxy,,,,San Jose,San Jose,,,,DRAW,DRAW,,,,TOTAL,TOTAL,,,}}}{{header133,5,21,1,170653,"MAJOR LEAGUE SOCCER IN-GAME LINES -",,2022-09-24},{299889,,3241194,,2022-09-24,2022-09-24,09-24,06:50,06:50,2022-09-25 06:50:00,,,,,,,{Los Angeles Galaxy,Los Angeles Galaxy,,,,San Jose,San Jose,,,,DRAW,DRAW,,,,TOTAL,TOTAL,,,}}}{{header65,5,9,1,170015,"MEXICO LIGA DE ASCENSO - Saturday, September 24th",,2022-09-24},{219109,,3123917,,2022-09-24,2022-09-24,09-24,00:05,00:05,2022-09-25 00:05:00,,,,,,,{Cimarrones de Sonora,Cimarrones de Sonora,,,,Pumas Tabasco,Pumas Tabasco,,,,Draw,Draw,,,,Total,Total,,,}}{219113,,3123918,,2022-09-24,2022-09-24,09-24,02:05,02:05,2022-09-25 02:05:00,,,,,,,{Atletico Morelia,Atletico Morelia,,,,Mineros de Zacatecas,Mineros de Zacatecas,,,,Draw,Draw,,,,Total,Total,,,}}{219117,,3123916,,2022-09-24,2022-09-24,09-24,22:05,22:05,2022-09-24 22:05:00,,,,,,,{Tlaxcala,Tlaxcala,,,,Alebrijes de Oaxaca,Alebrijes de Oaxaca,,,,Draw,Draw,,,,Total,Total,,,}}}{{header102,5,252,1,170464,"PARAGUAY PRIMERA DIVISION - Saturday, September 24th",,2022-09-24},{220009,,3189702,,2022-09-24,2022-09-24,09-24,21:00,21:00,2022-09-24 21:00:00,,,,,,,{Sol de America,Sol de America,,,,12 de Octubre,12 de Octubre,,,,DRAW,DRAW,,,,TOTAL,TOTAL,,,}}{220013,,3189703,,2022-09-24,2022-09-24,09-24,23:30,23:30,2022-09-24 23:30:00,,,,,,,{Libertad Asuncion,Libertad Asuncion,,,,Olimpia Asuncion,Olimpia Asuncion,,,,DRAW,DRAW,,,,TOTAL,TOTAL,,,}}}{{header67,5,9,1,170016,"PERU PRIMERA DIVISION - Saturday, September 24th",,2022-09-24},{209761,,3123919,,2022-09-24,2022-09-24,09-24,20:30,20:30,2022-09-24 20:30:00,,,,,,,{Melgar,Melgar,,,,Cesar Vallejo,Cesar Vallejo,,,,Draw,Draw,,,,Total,Total,,,}}}{{header69,5,264,1,170017,"SPAIN SEGUNDA DIVISION - Saturday, September 24th",,2022-09-24},{202097,,3123922,,2022-09-24,2022-09-24,09-24,16:30,16:30,2022-09-24 16:30:00,,,,,,,{Villarreal II,Villarreal II,,,,Malaga,Malaga,,,,DRAW,DRAW,,,,TOTAL,TOTAL,,,}}{202101,,3123920,,2022-09-24,2022-09-24,09-24,12:00,12:00,2022-09-24 12:00:00,,,,,,,{Leganes,Leganes,,,,Huesca,Huesca,,,,DRAW,DRAW,,,,TOTAL,TOTAL,,,}}{202109,,3123921,,2022-09-24,2022-09-24,09-24,14:15,14:15,2022-09-24 14:15:00,,,,,,,{Real Zaragoza,Real Zaragoza,,,,Mirandes,Mirandes,,,,DRAW,DRAW,,,,TOTAL,TOTAL,,,}}{202113,,3123923,,2022-09-24,2022-09-24,09-24,16:30,16:30,2022-09-24 16:30:00,,,,,,,{Tenerife,Tenerife,,,,Ponferradina,Ponferradina,,,,DRAW,DRAW,,,,TOTAL,TOTAL,,,}}}{{header97,5,93,1,170194,"UEFA NATIONS LEAGUE - Saturday, September 24th",,2022-09-24},{236673,,3159354,,2022-09-24,2022-09-24,09-24,13:00,13:00,2022-09-24 13:00:00,,,,,,,{Ukraine,Ukraine,,,,Armenia,Armenia,,,,DRAW,DRAW,,,,TOTAL,TOTAL,,,}}{236677,,3159355,,2022-09-24,2022-09-24,09-24,16:00,16:00,2022-09-24 16:00:00,,,,,,,{Norway,Norway,,,,Slovenia,Slovenia,,,,DRAW,DRAW,,,,TOTAL,TOTAL,,,}}{236681,,3159356,,2022-09-24,2022-09-24,09-24,16:00,16:00,2022-09-24 16:00:00,,,,,,,{Kosovo,Kosovo,,,,Northern Ireland,Northern Ireland,,,,DRAW,DRAW,,,,TOTAL,TOTAL,,,}}{236685,,3159357,,2022-09-24,2022-09-24,09-24,18:45,18:45,2022-09-24 18:45:00,,,,,,,{Portugal,Portugal,,,,Czech Republic,Czech Republic,,,,DRAW,DRAW,,,,TOTAL,TOTAL,,,}}{236689,,3159358,,2022-09-24,2022-09-24,09-24,18:45,18:45,2022-09-24 18:45:00,,,,,,,{Switzerland,Switzerland,,,,Spain,Spain,,,,DRAW,DRAW,,,,TOTAL,TOTAL,,,}}{236693,,3159359,,2022-09-24,2022-09-24,09-24,18:45,18:45,2022-09-24 18:45:00,,,,,,,{Albania,Albania,,,,Israel,Israel,,,,DRAW,DRAW,,,,TOTAL,TOTAL,,,}}{236697,,3159360,,2022-09-24,2022-09-24,09-24,18:45,18:45,2022-09-24 18:45:00,,,,,,,{Ireland,Ireland,,,,Scotland,Scotland,,,,DRAW,DRAW,,,,TOTAL,TOTAL,,,}}{236701,,3159361,,2022-09-24,2022-09-24,09-24,18:45,18:45,2022-09-24 18:45:00,,,,,,,{Sweden,Sweden,,,,Serbia,Serbia,,,,DRAW,DRAW,,,,TOTAL,TOTAL,,,}}{236705,,3159362,,2022-09-24,2022-09-24,09-24,18:45,18:45,2022-09-24 18:45:00,,,,,,,{Greece,Greece,,,,Cyprus,Cyprus,,,,DRAW,DRAW,,,,TOTAL,TOTAL,,,}}}{{header73,5,9,1,170019,"URUGUAY PRIMERA DIVISION - Saturday, September 24th",,2022-09-24},{223237,,3123930,,2022-09-24,2022-09-24,09-24,14:00,14:00,2022-09-24 14:00:00,,,,,,,{Wanderers,Wanderers,,,,Liverpool M,Liverpool M,,,,Draw,Draw,,,,Total,Total,,,}}{223241,,3123931,,2022-09-24,2022-09-24,09-24,19:00,19:00,2022-09-24 19:00:00,,,,,,,{River Plate,River Plate,,,,Danubio,Danubio,,,,Draw,Draw,,,,Total,Total,,,}}{223245,,3123932,,2022-09-24,2022-09-24,09-24,22:00,22:00,2022-09-24 22:00:00,,,,,,,{Montevideo City,Montevideo City,,,,Penarol,Penarol,,,,Draw,Draw,,,,Total,Total,,,}}}{{header71,5,9,1,170018,"USL CHAMPIONSHIP - Saturday, September 24th",,2022-09-24},{210377,,3123924,,2022-09-24,2022-09-24,09-24,23:00,23:00,2022-09-24 23:00:00,,,,,,,{Monterey FC,Monterey FC,,,,Miami,MIA,,,,Draw,Draw,,,,Total,Total,,,}}{210381,,3123925,,2022-09-24,2022-09-24,09-24,23:00,23:00,2022-09-24 23:00:00,,,,,,,{Orange County SC,Orange County SC,,,,Pittsburgh Riverhounds,Pittsburgh Riverhounds,,,,Draw,Draw,,,,Total,Total,,,}}{210385,,3123926,,2022-09-24,2022-09-24,09-24,23:30,23:30,2022-09-24 23:30:00,,,,,,,{Tulsa Roughnecks FC,Tulsa Roughnecks FC,,,,Detroit City FC,Detroit City FC,,,,Draw,Draw,,,,Total,Total,,,}}{210389,,3123927,,2022-09-24,2022-09-24,09-24,00:00,00:00,2022-09-25 00:00:00,,,,,,,{Oakland Roots,Oakland Roots,,,,Colorado Springs Switchbacks FC,Colorado Springs Switchbacks FC,,,,Draw,Draw,,,,Total,Total,,,}}{210393,,3123928,,2022-09-24,2022-09-24,09-24,00:30,00:30,2022-09-25 00:30:00,,,,,,,{Sacramento Republic FC,Sacramento Republic FC,,,,San Antonio Scorpions,San Antonio Scorpions,,,,Draw,Draw,,,,Total,Total,,,}}{210397,,3123929,,2022-09-24,2022-09-24,09-24,02:00,02:00,2022-09-25 02:00:00,,,,,,,{San Diego Loyal,San Diego Loyal,,,,Las Vegas Lights FC,Las Vegas Lights FC,,,,Draw,Draw,,,,Total,Total,,,}}}{{header75,5,9,1,170020,"WALES PREMIER LEAGUE - Saturday, September 24th",,2022-09-24},{224153,,3123933,,2022-09-24,2022-09-24,09-24,13:30,13:30,2022-09-24 13:30:00,,,,,,,{Pontypridd Town AFC,Pontypridd Town AFC,,,,Connahs Quay,Connahs Quay,,,,Draw,Draw,,,,Total,Total,,,}}{224157,,3123934,,2022-09-24,2022-09-24,09-24,13:30,13:30,2022-09-24 13:30:00,,,,,,,{Cardiff MU,Cardiff MU,,,,Bala Town,Bala Town,,,,Draw,Draw,,,,Total,Total,,,}}{224161,,3123935,,2022-09-24,2022-09-24,09-24,13:30,13:30,2022-09-24 13:30:00,,,,,,,{Flint Town United,Flint Town United,,,,Haverfordwest County,Haverfordwest County,,,,Draw,Draw,,,,Total,Total,,,}}}{{header108,7,136,1,170370,"PGA GOLF - FOURSOME MATCHUPS - Saturday, September 24th",,2022-09-24},{7301,,3176883,,2022-09-24,2022-09-24,09-24,11:10,11:10,2022-09-24 11:10:00,,,,,,,{IM/CONNERS,IM/CONNERS,,,,SPIETH/THOMAS,SPIETH/THOMAS,,,}}{7303,,3176884,,2022-09-24,2022-09-24,09-24,11:20,11:20,2022-09-24 11:20:00,,,,,,,{SCOTT/MATSUYAMA,SCOTT/MATSUYAMA,,,,YOUNG/MORIKAWA,YOUNG/MORIKAWA,,,}}{7305,,3176885,,2022-09-24,2022-09-24,09-24,11:35,11:35,2022-09-24 11:35:00,,,,,,,{LEE/KIM,LEE/KIM,,,,SCHEFFLER/BURNS,SCHEFFLER/BURNS,,,}}{7307,,3176886,,2022-09-24,2022-09-24,09-24,11:45,11:45,2022-09-24 11:45:00,,,,,,,{KIM/DAVIS,KIM/DAVIS,,,,FINAU/HOMA,FINAU/HOMA,,,}}}{{header111,7,136,1,170371,"PGA GOLF - FOURBALL MATCHUPS - Saturday, September 24th",,2022-09-24},{7309,,3176887,,2022-09-24,2022-09-24,09-24,16:05,16:05,2022-09-24 16:05:00,,,,,,,{KIM/KIM,KIM/KIM,,,,CANTLAY/SCHAUFFELE,CANTLAY/SCHAUFFELE,,,}}{7311,,3176888,,2022-09-24,2022-09-24,09-24,16:20,16:20,2022-09-24 16:20:00,,,,,,,{MATSUYAMA/PENDRITH,MATSUYAMA/PENDRITH,,,,SPIETH/THOMAS,SPIETH/THOMAS,,,}}{7313,,3176889,,2022-09-24,2022-09-24,09-24,16:40,16:40,2022-09-24 16:40:00,,,,,,,{IM/MUNOZ,IM/MUNOZ,,,,FINAU/KISNER,FINAU/KISNER,,,}}{7315,,3176890,,2022-09-24,2022-09-24,09-24,16:55,16:55,2022-09-24 16:55:00,,,,,,,{SCOTT/DAVIS,SCOTT/DAVIS,,,,Horschel/Burns,Horschel/Burns,,,}}}{{header80,8,97,1,170184,"MEN'S TENNIS - SAN DIEGO OPEN (Semis) - San Diego, CA, USA (Hard)",,2022-09-24},{8057,,3159330,,2022-09-24,2022-09-24,09-24,21:05,21:05,2022-09-24 21:05:00,,,,,,,{Daniel Evans,Daniel Evans,,,,Marcos Giron,Marcos Giron,,,}}{8059,,3159331,,2022-09-24,2022-09-24,09-24,23:15,23:15,2022-09-24 23:15:00,,,,,,,{Brandon Nakashima,Brandon Nakashima,,,,Christopher O'Connell,Christopher O'Connell,,,}}}{{header83,8,97,1,170185,"MEN'S TENNIS - MOSELLE OPEN (Semis) - Metz, France (Hard)",,2022-09-24},{8257,,3159332,,2022-09-24,2022-09-24,09-24,13:55,13:55,2022-09-24 13:55:00,,,,,,,{Stan Wawrinka,Stan Wawrinka,,,,Alexander Bublik,Alexander Bublik,,,}}{8259,,3159333,,2022-09-24,2022-09-24,09-24,12:05,12:05,2022-09-24 12:05:00,,,,,,,{Lorenzo Sonego,null,,,,Hubert Hurkacz,Hubert Hurkacz,,,}}}{{header86,8,98,1,170186,"WOMEN'S TENNIS - KOREA OPEN (Final) - Seoul, Korea (Hard)",,2022-09-24},{8661,,3159334,,2022-09-24,2022-09-24,09-24,06:05,06:05,2022-09-25 06:05:00,,,,,,,{Jelena Ostapenko,Jelena Ostapenko,,,,Ekaterina Alexandrova,Ekaterina Alexandrova,,,}}}{{header89,8,98,1,170187,"WOMEN'S TENNIS - TORAY PAN PACIFIC OPEN (Final) - Tokyo, Japan (Hard)",,2022-09-24},{8861,,3159335,,2022-09-24,2022-09-24,09-24,03:05,03:05,2022-09-25 03:05:00,,,,,,,{Qinwen Zheng,Qinwen Zheng,,,,Liudmila Samsonova,null,,,}}}{{header100,9,141,1,170365,"XFINITY - ANDYS FROZEN CUSTARD 300 MATCHUPS - Saturday, September 24th @ Texas Motor Speedway - Fort Worth, TX",,2022-09-24},{7601,,3176796,,2022-09-24,2022-09-24,09-24,19:49,19:49,2022-09-24 19:49:00,,,,,,,{Justin Allgaier,Justin Allgaier,,,,Noah Gragson,Noah Gragson,,,}}{7603,,3176797,,2022-09-24,2022-09-24,09-24,19:49,19:49,2022-09-24 19:49:00,,,,,,,{Justin Allgaier,Justin Allgaier,,,,Ty Gibbs,Ty Gibbs,,,}}{7605,,3176798,,2022-09-24,2022-09-24,09-24,19:49,19:49,2022-09-24 19:49:00,,,,,,,{Justin Allgaier,Justin Allgaier,,,,Josh Berry,Josh Berry,,,}}{7607,,3176799,,2022-09-24,2022-09-24,09-24,19:49,19:49,2022-09-24 19:49:00,,,,,,,{Noah Gragson,Noah Gragson,,,,Ty Gibbs,Ty Gibbs,,,}}{7609,,3176800,,2022-09-24,2022-09-24,09-24,19:49,19:49,2022-09-24 19:49:00,,,,,,,{Noah Gragson,Noah Gragson,,,,Josh Berry,Josh Berry,,,}}{7611,,3176801,,2022-09-24,2022-09-24,09-24,19:49,19:49,2022-09-24 19:49:00,,,,,,,{Ty Gibbs,Ty Gibbs,,,,Josh Berry,Josh Berry,,,}}{7613,,3176802,,2022-09-24,2022-09-24,09-24,19:49,19:49,2022-09-24 19:49:00,,,,,,,{John Hunter Nemechek,John Hunter Nemechek,,,,AJ Allmendinger,AJ Allmendinger,,,}}{7615,,3176803,,2022-09-24,2022-09-24,09-24,19:49,19:49,2022-09-24 19:49:00,,,,,,,{John Hunter Nemechek,John Hunter Nemechek,,,,Sam Mayer,Sam Mayer,,,}}{7617,,3176804,,2022-09-24,2022-09-24,09-24,19:49,19:49,2022-09-24 19:49:00,,,,,,,{John Hunter Nemechek,John Hunter Nemechek,,,,Brandon Jones,Brandon Jones,,,}}{7619,,3176805,,2022-09-24,2022-09-24,09-24,19:49,19:49,2022-09-24 19:49:00,,,,,,,{AJ Allmendinger,AJ Allmendinger,,,,Sam Mayer,Sam Mayer,,,}}{7621,,3176806,,2022-09-24,2022-09-24,09-24,19:49,19:49,2022-09-24 19:49:00,,,,,,,{AJ Allmendinger,AJ Allmendinger,,,,Brandon Jones,Brandon Jones,,,}}{7623,,3176807,,2022-09-24,2022-09-24,09-24,19:49,19:49,2022-09-24 19:49:00,,,,,,,{Sam Mayer,Sam Mayer,,,,Brandon Jones,Brandon Jones,,,}}{7625,,3176808,,2022-09-24,2022-09-24,09-24,19:49,19:49,2022-09-24 19:49:00,,,,,,,{Austin Hill,Austin Hill,,,,Sheldon Creed,Sheldon Creed,,,}}{7627,,3176809,,2022-09-24,2022-09-24,09-24,19:49,19:49,2022-09-24 19:49:00,,,,,,,{Austin Hill,Austin Hill,,,,Daniel Hemric,Daniel Hemric,,,}}{7629,,3176810,,2022-09-24,2022-09-24,09-24,19:49,19:49,2022-09-24 19:49:00,,,,,,,{Austin Hill,Austin Hill,,,,Riley Herbst,Riley Herbst,,,}}{7631,,3176811,,2022-09-24,2022-09-24,09-24,19:49,19:49,2022-09-24 19:49:00,,,,,,,{Sheldon Creed,Sheldon Creed,,,,Daniel Hemric,Daniel Hemric,,,}}{7633,,3176812,,2022-09-24,2022-09-24,09-24,19:49,19:49,2022-09-24 19:49:00,,,,,,,{Sheldon Creed,Sheldon Creed,,,,Riley Herbst,Riley Herbst,,,}}{7635,,3176813,,2022-09-24,2022-09-24,09-24,19:49,19:49,2022-09-24 19:49:00,,,,,,,{Daniel Hemric,Daniel Hemric,,,,Riley Herbst,Riley Herbst,,,}}{7637,,3176814,,2022-09-24,2022-09-24,09-24,19:49,19:49,2022-09-24 19:49:00,,,,,,,{Landon Cassill,Landon Cassill,,,,Riley Herbst,Riley Herbst,,,}}{7639,,3176815,,2022-09-24,2022-09-24,09-24,19:49,19:49,2022-09-24 19:49:00,,,,,,,{Landon Cassill,Landon Cassill,,,,Daniel Hemric,Daniel Hemric,,,}}{7641,,3176816,,2022-09-24,2022-09-24,09-24,19:49,19:49,2022-09-24 19:49:00,,,,,,,{Landon Cassill,Landon Cassill,,,,Ryan Sieg,Ryan Sieg,,,}}{7643,,3176817,,2022-09-24,2022-09-24,09-24,19:49,19:49,2022-09-24 19:49:00,,,,,,,{Jeffrey Earnhardt,Jeffrey Earnhardt,,,,Ryan Sieg,Ryan Sieg,,,}}{7645,,3176818,,2022-09-24,2022-09-24,09-24,19:49,19:49,2022-09-24 19:49:00,,,,,,,{Jeffrey Earnhardt,Jeffrey Earnhardt,,,,Anthony Alfredo,Anthony Alfredo,,,}}{7647,,3176819,,2022-09-24,2022-09-24,09-24,19:49,19:49,2022-09-24 19:49:00,,,,,,,{Parker Retzlaff,Parker Retzlaff,,,,Anthony Alfredo,Anthony Alfredo,,,}}{7649,,3176820,,2022-09-24,2022-09-24,09-24,19:49,19:49,2022-09-24 19:49:00,,,,,,,{Jeremy Clements,Jeremy Clements,,,,Jeb Burton,Jeb Burton,,,}}}