{0,All sports,2025-10-29 12:28:32 Pacific Time}{{header6,1,1,1,164862,"NFL PRESEASON WEEK 2 - Saturday, August 20th",,2022-08-20},{409,,2550307,,2022-08-20,2022-08-20,08-20,17:00,17:00,2022-08-20 17:00:00,,,,,,,{Detroit,DET,,,,Indianapolis,IND,,,}}{411,,2550308,,2022-08-20,2022-08-20,08-20,17:00,17:00,2022-08-20 17:00:00,,,,,,,{Denver,DEN,,,,Buffalo,BUF,,,}}{413,,2550309,,2022-08-20,2022-08-20,08-20,20:05,20:05,2022-08-20 20:05:00,,,,,,,{Washington,WAS,,,,Kansas City,KC,,,}}{415,,2550310,,2022-08-20,2022-08-20,08-20,23:00,23:00,2022-08-20 23:00:00,,,,,,,{Las Vegas,LV,,,,Miami,MIA,,,}}{417,,2550311,,2022-08-20,2022-08-20,08-20,23:00,23:00,2022-08-20 23:00:00,,,,,,,{Pittsburgh,PIT,,,,Jacksonville,JAC,,,}}{419,,2550312,,2022-08-20,2022-08-20,08-20,23:00,23:00,2022-08-20 23:00:00,,,,,,,{Tampa Bay,TB,,,,Tennessee,TEN,,,}}{421,,2550313,,2022-08-20,2022-08-20,08-20,23:00,23:00,2022-08-20 23:00:00,,,,,,,{San Francisco,SF,,,,Minnesota,MIN,,,}}{423,,2550314,,2022-08-20,2022-08-20,08-20,02:00,02:00,2022-08-21 02:00:00,,,,,,,{Dallas,DAL,,,,L.A. Chargers,LAC,,,}}}{{header21,1,17,1,164870,"CANADIAN FOOTBALL LEAGUE - WEEK 11 - Saturday, August 20th",,2022-08-20},{695,,2550339,,2022-08-20,2022-08-20,08-20,20:05,20:05,2022-08-20 20:05:00,,,,,,,{Hamilton,HAM,,,,Montreal,MTL,,,}}{697,,2550340,,2022-08-20,2022-08-20,08-20,23:05,23:05,2022-08-20 23:05:00,,,,,,,{Calgary,CGY,,,,Toronto,TOR,,,}}}{{header39,1,103,1,164889,"NFL IN-GAME LINES -",,2022-08-20},{9409,,2550481,,2022-08-20,2022-08-20,08-20,06:50,06:50,2022-08-21 06:50:00,,,,,,,{LIONS,LIONS,,,,COLTS,COLTS,,,}}{9411,,2550482,,2022-08-20,2022-08-20,08-20,06:50,06:50,2022-08-21 06:50:00,,,,,,,{BRONCOS,BRONCOS,,,,BILLS,BILLS,,,}}{9413,,2550483,,2022-08-20,2022-08-20,08-20,06:50,06:50,2022-08-21 06:50:00,,,,,,,{COMMANDERS,COMMANDERS,,,,CHIEFS,CHIEFS,,,}}{9415,,2550484,,2022-08-20,2022-08-20,08-20,06:50,06:50,2022-08-21 06:50:00,,,,,,,{RAIDERS,RAIDERS,,,,DOLPHINS,DOLPHINS,,,}}{9417,,2550485,,2022-08-20,2022-08-20,08-20,06:50,06:50,2022-08-21 06:50:00,,,,,,,{STEELERS,STEELERS,,,,JAGUARS,JAGUARS,,,}}{9419,,2550486,,2022-08-20,2022-08-20,08-20,06:50,06:50,2022-08-21 06:50:00,,,,,,,{BUCCANEERS,BUCCANEERS,,,,TITANS,TITANS,,,}}{9421,,2550487,,2022-08-20,2022-08-20,08-20,06:50,06:50,2022-08-21 06:50:00,,,,,,,{49ERS,49ERS,,,,VIKINGS,VIKINGS,,,}}{9423,,2550488,,2022-08-20,2022-08-20,08-20,06:50,06:50,2022-08-21 06:50:00,,,,,,,{COWBOYS,COWBOYS,,,,CHARGERS,CHARGERS,,,}}}{{header37,1,128,1,164874,"CANADIAN FOOTBALL IN-GAME LINES -",,2022-08-20},{9695,,2550354,,2022-08-20,2022-08-20,08-20,06:50,06:50,2022-08-21 06:50:00,,,,,,,{TIGER CATS,TIGER CATS,,,,Montreal,MTL,,,}}{9697,,2550355,,2022-08-20,2022-08-20,08-20,06:50,06:50,2022-08-21 06:50:00,,,,,,,{STAMPEDERS,STAMPEDERS,,,,Toronto,TOR,,,}}}{{header33,2,8,1,165469,"WNBA PLAYOFFS - Saturday, August 20th",,2022-08-20},{609,,2600830,,2022-08-20,2022-08-20,08-20,16:00,16:00,2022-08-20 16:00:00,,,,,,,{New York,NY,,,,Chicago,CHI,,,}}{611,,2600831,,2022-08-20,2022-08-20,08-20,01:00,01:00,2022-08-21 01:00:00,,,,,,,{Phoenix,PHO,,,,Las Vegas,LV,,,}}}{{header173,2,126,1,165482,"WNBA IN-GAME LINES -",,2022-08-20},{9609,,2600873,,2022-08-20,2022-08-20,08-20,06:50,06:50,2022-08-21 06:50:00,,,,,,,{LIBERTY,LIBERTY,,,,SKY,SKY,,,}}{9611,,2600874,,2022-08-20,2022-08-20,08-20,06:50,06:50,2022-08-21 06:50:00,,,,,,,{MERCURY,MERCURY,,,,ACES,ACES,,,}}}{{header234,2,304,1,165499,"WNBA SERIES PRICES - LV 2-0, NY/CHI 1-1, CON, SEA 1-0",,2022-08-20},{671,,2666208,,2022-08-23,2022-08-23,08-23,01:00,01:00,2022-08-24 01:00:00,,,,,,,{LIBERTY,LIBERTY,,,,SKY,SKY,,,}}{673,,2631905,,2022-08-20,2022-08-20,08-20,01:00,01:00,2022-08-21 01:00:00,,,,,,,{MERCURY,MERCURY,,,,ACES,ACES,,,}}{675,,2644069,,2022-08-21,2022-08-21,08-21,16:00,16:00,2022-08-21 16:00:00,,,,,,,{WINGS,WINGS,,,,SUN,SUN,,,}}{677,,2645299,,2022-08-21,2022-08-21,08-21,20:00,20:00,2022-08-21 20:00:00,,,,,,,{MYSTICS,MYSTICS,,,,STORM,STORM,,,}}}{{header9,3,5,1,165827,"MAJOR LEAGUE BASEBALL - Saturday, August 20th  -  NATIONAL LEAGUE -",,2022-08-20},{951,,2648315,,2022-08-20,2022-08-20,08-20,17:05,17:05,2022-08-20 17:05:00,,,,,,,{NY Mets,NYM,T. Williams,,,Philadelphia,PHI,Z. Wheeler,,}}{953,,2648310,,2022-08-20,2022-08-20,08-20,19:00,19:00,2022-08-20 19:00:00,,,,,,,{Milwaukee,MIL,F. Peralta,,,Chi. Cubs,CHC,M. Stroman,,}}{955,,2648312,,2022-08-20,2022-08-20,08-20,23:05,23:05,2022-08-20 23:05:00,,,,,,,{Cincinnati,CIN,J. Dunn,,,Pittsburgh,PIT,T. Beede,,}}{957,,2648311,2,2022-08-20,2022-08-20,08-20,23:15,23:15,2022-08-20 23:15:00,,,,,,,{NY Mets,NYM,D. Peterson,1,,Philadelphia,PHI,B. Falter,1,}}{959,,2648308,,2022-08-20,2022-08-20,08-20,00:10,00:10,2022-08-21 00:10:00,,,,,,,{St. Louis,STL,D. Hudson,,,Arizona,ARI,M. Bumgarner,1,}}{961,,2648313,,2022-08-20,2022-08-20,08-20,00:10,00:10,2022-08-21 00:10:00,,,,,,,{San Francisco,SF,A. Cobb,,,Colorado,COL,R. Feltner,,}}{963,,2648314,,2022-08-20,2022-08-20,08-20,00:40,00:40,2022-08-21 00:40:00,,,,,,,{Washington,WAS,J. Gray,,,San Diego,SD,J. Musgrove,,}}{965,,2648309,,2022-08-20,2022-08-20,08-20,01:10,01:10,2022-08-21 01:10:00,,,,,,,{Miami,MIA,B. Hoeing,,,LA Dodgers,LAD,D. May,,}}}{{header12,3,5,1,165828,"MAJOR LEAGUE BASEBALL - Saturday, August 20th  -  AMERICAN LEAGUE -",,2022-08-20},{967,,2648320,,2022-08-20,2022-08-20,08-20,17:05,17:05,2022-08-20 17:05:00,,,,,,,{Toronto,TOR,M. White,,,NY Yankees,NYY,G. Cole,,}}{969,,2648317,,2022-08-20,2022-08-20,08-20,17:10,17:10,2022-08-20 17:10:00,,,,,,,{LA Angels,LAA,R. Detmers,1,,Detroit,DET,T. Alexander,1,}}{971,,2648316,,2022-08-20,2022-08-20,08-20,20:05,20:05,2022-08-20 20:05:00,,,,,,,{Boston,BOS,M. Wacha,,,Baltimore,BAL,K. Bradish,,}}{973,,2648318,,2022-08-20,2022-08-20,08-20,20:10,20:10,2022-08-20 20:10:00,,,,,,,{Kansas City,KC,K. Bubic,1,,Tampa Bay,TB,D. Rasmussen,,}}{975,,2648319,,2022-08-20,2022-08-20,08-20,01:05,01:05,2022-08-21 01:05:00,,,,,,,{Chi. White Sox,CHW,J. Cueto,,,Cleveland,CLE,S. Bieber,,}}{977,,2648322,,2022-08-20,2022-08-20,08-20,23:10,23:10,2022-08-20 23:10:00,,,,,,,{Texas,TEX,G. Otto,,,Minnesota,MIN,C. Archer,,}}{979,,2648321,,2022-08-20,2022-08-20,08-20,23:15,23:15,2022-08-20 23:15:00,,,,,,,{Seattle,SEA,L. Gilbert,,,Athletics,ATH,J. Kaprielian,,}}}{{header15,3,5,1,165829,"MAJOR LEAGUE BASEBALL - Saturday, August 20th  -  INTERLEAGUE -",,2022-08-20},{981,,2648323,,2022-08-20,2022-08-20,08-20,23:15,23:15,2022-08-20 23:15:00,,,,,,,{Houston,HOU,C. Javier,,,Atlanta,ATL,S. Strider,,}}}{{header18,3,118,1,165830,"MAJOR LEAGUE BASEBALL - Saturday, August 20th  -  WRITE-IN GAMES -",,2022-08-20},{983,,2648324,,2022-08-20,2022-08-20,08-20,02:00,02:00,2022-08-21 02:00:00,,,,,,,{&nbsp;,&nbsp;,,,,&nbsp;,&nbsp;,,,}}{985,,2648325,,2022-08-20,2022-08-20,08-20,02:00,02:00,2022-08-21 02:00:00,,,,,,,{&nbsp;,&nbsp;,,,,&nbsp;,&nbsp;,,,}}}{{header206,3,117,1,165831,"MLB IN-GAME LINES -",,2022-08-20},{9951,,2648327,,2022-08-20,2022-08-20,08-20,06:50,06:50,2022-08-21 06:50:00,,,,,,,{NY Mets,NYM,,,,Philadelphia,PHI,,,}}{9953,,2648328,,2022-08-20,2022-08-20,08-20,06:50,06:50,2022-08-21 06:50:00,,,,,,,{Milwaukee,MIL,,,,Chi. Cubs,CHC,,,}}{9955,,2648329,,2022-08-20,2022-08-20,08-20,06:50,06:50,2022-08-21 06:50:00,,,,,,,{Cincinnati,CIN,,,,Pittsburgh,PIT,,,}}{9957,,2648330,2,2022-08-20,2022-08-20,08-20,06:50,06:50,2022-08-21 06:50:00,,,,,,,{NY Mets,NYM,,,,Philadelphia,PHI,,,}}{9959,,2648331,,2022-08-20,2022-08-20,08-20,06:50,06:50,2022-08-21 06:50:00,,,,,,,{St. Louis,STL,,,,Arizona,ARI,,,}}{9961,,2648332,,2022-08-20,2022-08-20,08-20,06:50,06:50,2022-08-21 06:50:00,,,,,,,{San Francisco,SF,,,,Colorado,COL,,,}}{9963,,2648333,,2022-08-20,2022-08-20,08-20,06:50,06:50,2022-08-21 06:50:00,,,,,,,{Washington,WAS,,,,San Diego,SD,,,}}{9965,,2648334,,2022-08-20,2022-08-20,08-20,06:50,06:50,2022-08-21 06:50:00,,,,,,,{Miami,MIA,,,,LA Dodgers,LAD,,,}}{9967,,2648335,,2022-08-20,2022-08-20,08-20,06:50,06:50,2022-08-21 06:50:00,,,,,,,{Toronto,TOR,,,,NY Yankees,NYY,,,}}{9969,,2648336,,2022-08-20,2022-08-20,08-20,06:50,06:50,2022-08-21 06:50:00,,,,,,,{LA Angels,LAA,,,,Detroit,DET,,,}}{9971,,2648337,,2022-08-20,2022-08-20,08-20,06:50,06:50,2022-08-21 06:50:00,,,,,,,{Boston,BOS,,,,Baltimore,BAL,,,}}{9973,,2648338,,2022-08-20,2022-08-20,08-20,06:50,06:50,2022-08-21 06:50:00,,,,,,,{Kansas City,KC,,,,Tampa Bay,TB,,,}}{9975,,2648339,,2022-08-20,2022-08-20,08-20,06:50,06:50,2022-08-21 06:50:00,,,,,,,{Chi. White Sox,CHW,,,,Cleveland,CLE,,,}}{9977,,2648340,,2022-08-20,2022-08-20,08-20,06:50,06:50,2022-08-21 06:50:00,,,,,,,{Texas,TEX,,,,Minnesota,MIN,,,}}{9979,,2648341,,2022-08-20,2022-08-20,08-20,06:50,06:50,2022-08-21 06:50:00,,,,,,,{Seattle,SEA,,,,Athletics,ATH,,,}}{9981,,2648342,,2022-08-20,2022-08-20,08-20,06:50,06:50,2022-08-21 06:50:00,,,,,,,{Houston,HOU,,,,Atlanta,ATL,,,}}{9983,,2648343,,2022-08-20,2022-08-20,08-20,06:50,06:50,2022-08-21 06:50:00,,,,,,,{&nbsp;,&nbsp;,,,,&nbsp;,&nbsp;,,,}}{9985,,2648344,,2022-08-20,2022-08-20,08-20,06:50,06:50,2022-08-21 06:50:00,,,,,,,{&nbsp;,&nbsp;,,,,&nbsp;,&nbsp;,,,}}}{{header238,3,120,1,165841,"MAJOR LEAGUE BASEBALL - Saturday, August 20th  -  GRAND SALAMI -",,2022-08-20},{991,,2648449,,2022-08-20,2022-08-20,08-20,17:05,17:05,2022-08-20 17:05:00,,,,,,,{AWAY RUNS,AWAY RUNS,,,,HOME RUNS,HOME RUNS,,,}}{993,,2648450,,2022-08-20,2022-08-20,08-20,17:05,17:05,2022-08-20 17:05:00,,,,,,,{OVER RUNS,OVER RUNS,,,,UNDER RUNS,UNDER RUNS,,,}}}{{header211,3,130,1,165833,"MILB TRIPLE-A EAST IN-GAME LINES -",,2022-08-20},{396083,,2648354,,2022-08-20,2022-08-20,08-20,06:50,06:50,2022-08-21 06:50:00,,,,,,,{Rochester Red Wings,null,,,,Worcester Red Sox,null,,,}}{396085,,2648355,,2022-08-20,2022-08-20,08-20,06:50,06:50,2022-08-21 06:50:00,,,,,,,{Lehigh Valley IronPigs,null,,,,Buffalo Bisons,null,,,}}{396087,,2648356,,2022-08-20,2022-08-20,08-20,06:50,06:50,2022-08-21 06:50:00,,,,,,,{Memphis Redbirds,null,,,,Gwinnett Stripers,null,,,}}{396089,,2648357,,2022-08-20,2022-08-20,08-20,06:50,06:50,2022-08-21 06:50:00,,,,,,,{Durham Bulls,null,,,,Norfolk Tides,null,,,}}{396091,,2648358,,2022-08-20,2022-08-20,08-20,06:50,06:50,2022-08-21 06:50:00,,,,,,,{Syracuse Mets,null,,,,Charlotte Knights,null,,,}}{396093,,2648359,,2022-08-20,2022-08-20,08-20,06:50,06:50,2022-08-21 06:50:00,,,,,,,{Toledo Mud Hens,Toledo Mud Hens,,,,Columbus Clippers,Columbus Clippers,,,}}{396095,,2648360,,2022-08-20,2022-08-20,08-20,06:50,06:50,2022-08-21 06:50:00,,,,,,,{Omaha Storm Chasers,null,,,,Louisville Bats,null,,,}}{396097,,2648361,,2022-08-20,2022-08-20,08-20,06:50,06:50,2022-08-21 06:50:00,,,,,,,{Iowa Cubs,null,,,,Indianapolis Indians,null,,,}}{396099,,2648362,,2022-08-20,2022-08-20,08-20,06:50,06:50,2022-08-21 06:50:00,,,,,,,{Scranton/Wilkes-Barre,null,,,,St. Paul Saints,null,,,}}}{{header216,3,131,1,165835,"MILB TRIPLE-A WEST IN-GAME LINES -",,2022-08-20},{396251,,2648368,,2022-08-20,2022-08-20,08-20,06:50,06:50,2022-08-21 06:50:00,,,,,,,{El Paso Chihuahuas,El Paso Chihuahuas,,,,Round Rock Express,null,,,}}{396253,,2648369,,2022-08-20,2022-08-20,08-20,06:50,06:50,2022-08-21 06:50:00,,,,,,,{Oklahoma City Comets,null,,,,Sugar Land Space Cowboys,Sugar Land Space Cowboys,,,}}{396255,,2648370,,2022-08-20,2022-08-20,08-20,06:50,06:50,2022-08-21 06:50:00,,,,,,,{Salt Lake Bees,Salt Lake Bees,,,,Reno Aces,null,,,}}{396257,,2648371,,2022-08-20,2022-08-20,08-20,06:50,06:50,2022-08-21 06:50:00,,,,,,,{Sacramento River Cats,null,,,,Las Vegas Aviators,null,,,}}{396259,,2648372,,2022-08-20,2022-08-20,08-20,06:50,06:50,2022-08-21 06:50:00,,,,,,,{Albuquerque Isotopes,null,,,,Tacoma Rainiers,null,,,}}}{{header219,3,240,1,165836,"JAPAN NPB - Saturday, August 20th",,2022-08-20},{304127,,2648373,,2022-08-20,2022-08-20,08-20,08:00,08:00,2022-08-20 08:00:00,,,,,,,{Orix Buffaloes,Orix Buffaloes,,,,Seibu Lions,Seibu Lions,,,}}{304129,,2648374,,2022-08-20,2022-08-20,08-20,09:00,09:00,2022-08-20 09:00:00,,,,,,,{Nippon Ham Fighters,Nippon Ham Fighters,,,,Fukuoka S. Hawks,Fukuoka S. Hawks,,,}}{304131,,2648375,,2022-08-20,2022-08-20,08-20,09:00,09:00,2022-08-20 09:00:00,,,,,,,{Chiba Lotte Marines,Chiba Lotte Marines,,,,Rakuten Gold. Eagles,Rakuten Gold. Eagles,,,}}{304133,,2648376,,2022-08-20,2022-08-20,08-20,09:00,09:00,2022-08-20 09:00:00,,,,,,,{Hiroshima Carp,Hiroshima Carp,,,,Yokohama Baystars,Yokohama Baystars,,,}}{304135,,2648377,,2022-08-20,2022-08-20,08-20,05:00,05:00,2022-08-21 05:00:00,,,,,,,{Yakult Swallows,Yakult Swallows,,,,Chunichi Dragons,Chunichi Dragons,,,}}{304137,,2648378,,2022-08-20,2022-08-20,08-20,05:00,05:00,2022-08-21 05:00:00,,,,,,,{Nippon Ham Fighters,Nippon Ham Fighters,,,,Fukuoka S. Hawks,Fukuoka S. Hawks,,,}}{304139,,2648379,,2022-08-20,2022-08-20,08-20,05:00,05:00,2022-08-21 05:00:00,,,,,,,{Hanshin Tigers,Hanshin Tigers,,,,Yomiuri Giants,Yomiuri Giants,,,}}}{{header209,3,95,1,165832,"MILB TRIPLE-A EAST - Saturday, August 20th",,2022-08-20},{306083,,2648345,,2022-08-20,2022-08-20,08-20,20:05,20:05,2022-08-20 20:05:00,,,,,,,{Rochester Red Wings,null,,,,Worcester Red Sox,null,,,}}{306085,,2648346,,2022-08-20,2022-08-20,08-20,22:05,22:05,2022-08-20 22:05:00,,,,,,,{Lehigh Valley IronPigs,null,,,,Buffalo Bisons,null,,,}}{306087,,2648347,,2022-08-20,2022-08-20,08-20,22:05,22:05,2022-08-20 22:05:00,,,,,,,{Memphis Redbirds,null,,,,Gwinnett Stripers,null,,,}}{306089,,2648348,,2022-08-20,2022-08-20,08-20,22:35,22:35,2022-08-20 22:35:00,,,,,,,{Durham Bulls,null,,,,Norfolk Tides,null,,,}}{306091,,2648349,,2022-08-20,2022-08-20,08-20,23:04,23:04,2022-08-20 23:04:00,,,,,,,{Syracuse Mets,null,,,,Charlotte Knights,null,,,}}{306093,,2648350,,2022-08-20,2022-08-20,08-20,23:05,23:05,2022-08-20 23:05:00,,,,,,,{Toledo Mud Hens,Toledo Mud Hens,,,,Columbus Clippers,Columbus Clippers,,,}}{306095,,2648351,,2022-08-20,2022-08-20,08-20,23:05,23:05,2022-08-20 23:05:00,,,,,,,{Omaha Storm Chasers,null,,,,Louisville Bats,null,,,}}{306097,,2648352,,2022-08-20,2022-08-20,08-20,23:05,23:05,2022-08-20 23:05:00,,,,,,,{Iowa Cubs,null,,,,Indianapolis Indians,null,,,}}{306099,,2648353,,2022-08-20,2022-08-20,08-20,00:07,00:07,2022-08-21 00:07:00,,,,,,,{Scranton/Wilkes-Barre,null,,,,St. Paul Saints,null,,,}}}{{header214,3,96,1,165834,"MILB TRIPLE-A WEST - Saturday, August 20th",,2022-08-20},{306251,,2648363,,2022-08-20,2022-08-20,08-20,23:05,23:05,2022-08-20 23:05:00,,,,,,,{El Paso Chihuahuas,El Paso Chihuahuas,,,,Round Rock Express,null,,,}}{306253,,2648364,,2022-08-20,2022-08-20,08-20,23:05,23:05,2022-08-20 23:05:00,,,,,,,{Oklahoma City Comets,null,,,,Sugar Land Space Cowboys,Sugar Land Space Cowboys,,,}}{306255,,2648365,,2022-08-20,2022-08-20,08-20,01:35,01:35,2022-08-21 01:35:00,,,,,,,{Salt Lake Bees,Salt Lake Bees,,,,Reno Aces,null,,,}}{306257,,2648366,,2022-08-20,2022-08-20,08-20,02:05,02:05,2022-08-21 02:05:00,,,,,,,{Sacramento River Cats,null,,,,Las Vegas Aviators,null,,,}}{306259,,2648367,,2022-08-20,2022-08-20,08-20,02:05,02:05,2022-08-21 02:05:00,,,,,,,{Albuquerque Isotopes,null,,,,Tacoma Rainiers,null,,,}}}{{header222,3,214,1,165837,"SOUTH KOREA KBO - Saturday, August 20th",,2022-08-20},{304601,,2648380,,2022-08-20,2022-08-20,08-20,09:00,09:00,2022-08-20 09:00:00,,,,,,,{Doosan Bears,Doosan Bears,,,,LG Twins,LG Twins,,,}}{304603,,2648381,,2022-08-20,2022-08-20,08-20,09:00,09:00,2022-08-20 09:00:00,,,,,,,{NC Dinos,NC Dinos,,,,Samsung Lions,Samsung Lions,,,}}{304605,,2648382,,2022-08-20,2022-08-20,08-20,09:00,09:00,2022-08-20 09:00:00,,,,,,,{Hanwha Eagles,Hanwha Eagles,,,,Lotte Giants,Lotte Giants,,,}}{304607,,2648383,,2022-08-20,2022-08-20,08-20,09:00,09:00,2022-08-20 09:00:00,,,,,,,{KIA Tigers,KIA Tigers,,,,KT Wiz Suwon,KT Wiz Suwon,,,}}{304609,,2648384,,2022-08-20,2022-08-20,08-20,05:00,05:00,2022-08-21 05:00:00,,,,,,,{SSG Landers,SSG Landers,,,,Kiwoom Heroes,Kiwoom Heroes,,,}}}{{header43,5,9,1,165201,"ARGENTINA SUPERLIGA - Saturday, August 20th",,2022-08-20},{208029,,2582242,,2022-08-20,2022-08-20,08-20,21:00,21:00,2022-08-20 21:00:00,,,,,,,{Tigre,Tigre,,,,Colon,Colon,,,,Draw,Draw,,,,Total,Total,,,}}{208033,,2582243,,2022-08-20,2022-08-20,08-20,23:30,23:30,2022-08-20 23:30:00,,,,,,,{Newells Old Boys,Newells Old Boys,,,,Huracan,Huracan,,,,Draw,Draw,,,,Total,Total,,,}}}{{header41,5,9,1,165900,"ARGENTINA PRIMERA NACIONAL - Saturday, August 20th",,2022-08-20},{210601,,2582235,,2022-08-20,2022-08-20,08-20,17:10,17:10,2022-08-20 17:10:00,,,,,,,{Defensores de Belgrano,Defensores de Belgrano,,,,Gimnasia Mendoza,Gimnasia Mendoza,,,,Draw,Draw,,,,Total,Total,,,}}{210605,,2582236,,2022-08-20,2022-08-20,08-20,18:00,18:00,2022-08-20 18:00:00,,,,,,,{Independiente Rivadavia,Independiente Rivadavia,,,,Flandria,Flandria,,,,Draw,Draw,,,,Total,Total,,,}}{210609,,2582237,,2022-08-20,2022-08-20,08-20,18:00,18:00,2022-08-20 18:00:00,,,,,,,{Agropecuario,Agropecuario,,,,Deportivo Riestra,Deportivo Riestra,,,,Draw,Draw,,,,Total,Total,,,}}{210613,,2582238,,2022-08-20,2022-08-20,08-20,18:45,18:45,2022-08-20 18:45:00,,,,,,,{Guillermo Brown,Guillermo Brown,,,,San Martin San Juan,San Martin San Juan,,,,Draw,Draw,,,,Total,Total,,,}}{210621,,2582240,,2022-08-20,2022-08-20,08-20,21:10,21:10,2022-08-20 21:10:00,,,,,,,{Quilmes,Quilmes,,,,Temperley,Temperley,,,,Draw,Draw,,,,Total,Total,,,}}{210625,,2582241,,2022-08-20,2022-08-20,08-20,23:10,23:10,2022-08-20 23:10:00,,,,,,,{San Martin Tucuman,San Martin Tucuman,,,,All Boys,All Boys,,,,Draw,Draw,,,,Total,Total,,,}}{210695,,2664344,,2022-08-21,2022-08-21,08-21,18:00,18:00,2022-08-21 18:00:00,,,,,,,{Nueva Chicago,Nueva Chicago,,,,Deportivo Madryn,Deportivo Madryn,,,,Draw,Draw,,,,Total,Total,,,}}{210797,,2648514,,2022-08-20,2022-08-20,08-20,18:00,18:00,2022-08-20 18:00:00,,,,,,,{Sacachispas,Sacachispas,,,,Villa Dalmine,Villa Dalmine,,,,Draw,Draw,,,,Total,Total,,,}}}{{header45,5,9,1,165202,"ARMENIA PREMIER LEAGUE - Saturday, August 20th",,2022-08-20},{211057,,2582245,,2022-08-20,2022-08-20,08-20,13:00,13:00,2022-08-20 13:00:00,,,,,,,{FC Urartu,FC Urartu,,,,Noah,Noah,,,,Draw,Draw,,,,Total,Total,,,}}{211061,,2582246,,2022-08-20,2022-08-20,08-20,13:00,13:00,2022-08-20 13:00:00,,,,,,,{Ararat,Ararat,,,,Shirak,Shirak,,,,Draw,Draw,,,,Total,Total,,,}}}{{header47,5,9,1,165203,"AUSTRIA TIPICO BUNDESLIGA - Saturday, August 20th",,2022-08-20},{204425,,2582248,,2022-08-20,2022-08-20,08-20,15:00,15:00,2022-08-20 15:00:00,,,,,,,{Austria Klagenfurt,Austria Klagenfurt,,,,Salzburg,Salzburg,,,,Draw,Draw,,,,Total,Total,,,}}{204429,,2582249,,2022-08-20,2022-08-20,08-20,15:00,15:00,2022-08-20 15:00:00,,,,,,,{Austria Lustenau,Austria Lustenau,,,,Rheindorf Altach,Rheindorf Altach,,,,Draw,Draw,,,,Total,Total,,,}}{204433,,2582250,,2022-08-20,2022-08-20,08-20,17:30,17:30,2022-08-20 17:30:00,,,,,,,{LASK Linz,LASK Linz,,,,SK Sturm Graz,SK Sturm Graz,,,,Draw,Draw,,,,Total,Total,,,}}}{{header49,5,181,1,165204,"BELARUS VYSSHAYA LEAGUE - Saturday, August 20th",,2022-08-20},{211429,,2582251,,2022-08-20,2022-08-20,08-20,11:00,11:00,2022-08-20 11:00:00,,,,,,,{Energetyk-BDU,Energetyk-BDU,,,,Slutsk,Slutsk,,,,DRAW,DRAW,,,,TOTAL,TOTAL,,,}}{211433,,2582252,,2022-08-20,2022-08-20,08-20,13:00,13:00,2022-08-20 13:00:00,,,,,,,{Arsenal,Arsenal,,,,Vitebsk,Vitebsk,,,,DRAW,DRAW,,,,TOTAL,TOTAL,,,}}{211437,,2582253,,2022-08-20,2022-08-20,08-20,15:00,15:00,2022-08-20 15:00:00,,,,,,,{Belshina,Belshina,,,,Gomel,Gomel,,,,DRAW,DRAW,,,,TOTAL,TOTAL,,,}}}{{header51,5,9,1,165205,"BELGIUM JUPILER LEAGUE - Saturday, August 20th",,2022-08-20},{204749,,2582254,,2022-08-20,2022-08-20,08-20,14:00,14:00,2022-08-20 14:00:00,,,,,,,{St Truidense,St Truidense,,,,KV Oostende,KV Oostende,,,,Draw,Draw,,,,Total,Total,,,}}{204753,,2582255,,2022-08-20,2022-08-20,08-20,16:15,16:15,2022-08-20 16:15:00,,,,,,,{Cercle Brugge,Cercle Brugge,,,,Genk,Genk,,,,Draw,Draw,,,,Total,Total,,,}}}{{header204,5,9,1,165735,"BOLIVIA LIGA DE FUTBAL PROF - Saturday, August 20th",,2022-08-20},{208613,,2633996,,2022-08-20,2022-08-20,08-20,19:00,19:00,2022-08-20 19:00:00,,,,,,,{The Strongest,The Strongest,,,,Royal Pari,Royal Pari,,,,Draw,Draw,,,,Total,Total,,,}}{208617,,2633997,,2022-08-20,2022-08-20,08-20,21:15,21:15,2022-08-20 21:15:00,,,,,,,{Oriente Petrolero,Oriente Petrolero,,,,Bolivar,Bolivar,,,,Draw,Draw,,,,Total,Total,,,}}{208621,,2633998,,2022-08-20,2022-08-20,08-20,23:30,23:30,2022-08-20 23:30:00,,,,,,,{Club Universitario,Club Universitario,,,,Wilstermann,Wilstermann,,,,Draw,Draw,,,,Total,Total,,,}}}{{header53,5,9,1,165206,"BOSNIA AND HERZEGOVINA PREMIER LIGA - Saturday, August 20th",,2022-08-20},{211657,,2582257,,2022-08-20,2022-08-20,08-20,17:00,17:00,2022-08-20 17:00:00,,,,,,,{Siroki Brijeg,Siroki Brijeg,,,,Sloga Doboj,Sloga Doboj,,,,Draw,Draw,,,,Total,Total,,,}}{211661,,2582258,,2022-08-20,2022-08-20,08-20,15:00,15:00,2022-08-20 15:00:00,,,,,,,{Zeljeznicar,Zeljeznicar,,,,Borac Banja Luka,Borac Banja Luka,,,,Draw,Draw,,,,Total,Total,,,}}{211665,,2582259,,2022-08-20,2022-08-20,08-20,15:00,15:00,2022-08-20 15:00:00,,,,,,,{Zrinjski,Zrinjski,,,,Velez,Velez,,,,Draw,Draw,,,,Total,Total,,,}}{211669,,2582260,,2022-08-20,2022-08-20,08-20,15:30,15:30,2022-08-20 15:30:00,,,,,,,{Leotar,Leotar,,,,Tuzla City,Tuzla City,,,,Draw,Draw,,,,Total,Total,,,}}}{{header55,5,9,1,165207,"BRAZIL SERIE A - Saturday, August 20th",,2022-08-20},{208361,,2582262,,2022-08-20,2022-08-20,08-20,19:30,19:30,2022-08-20 19:30:00,,,,,,,{Goias,Goias,,,,Atletico MG,Atletico MG,,,,Draw,Draw,,,,Total,Total,,,}}{208365,,2582263,,2022-08-20,2022-08-20,08-20,22:00,22:00,2022-08-20 22:00:00,,,,,,,{Coritiba,Coritiba,,,,Fluminense,Fluminense,,,,Draw,Draw,,,,Total,Total,,,}}}{{header57,5,9,1,165208,"BRAZIL SERIE B - Saturday, August 20th",,2022-08-20},{208585,,2582264,,2022-08-20,2022-08-20,08-20,14:00,14:00,2022-08-20 14:00:00,,,,,,,{Guarani,Guarani,,,,Ponte Preta,Ponte Preta,,,,Draw,Draw,,,,Total,Total,,,}}{208589,,2582265,,2022-08-20,2022-08-20,08-20,19:30,19:30,2022-08-20 19:30:00,,,,,,,{Brusque,Brusque,,,,Chapecoense,Chapecoense,,,,Draw,Draw,,,,Total,Total,,,}}{208593,,2582266,,2022-08-20,2022-08-20,08-20,22:00,22:00,2022-08-20 22:00:00,,,,,,,{CRB,CRB,,,,Sampaio Correa,Sampaio Correa,,,,Draw,Draw,,,,Total,Total,,,}}}{{header59,5,259,1,165209,"BULGARIA PARVA LIGA - Saturday, August 20th",,2022-08-20},{212497,,2582267,,2022-08-20,2022-08-20,08-20,15:00,15:00,2022-08-20 15:00:00,,,,,,,{Arda,Arda,,,,Spartak Varna,Spartak Varna,,,,DRAW,DRAW,,,,TOTAL,TOTAL,,,}}{212509,,2582268,,2022-08-20,2022-08-20,08-20,17:15,17:15,2022-08-20 17:15:00,,,,,,,{Hebar 1918,Hebar 1918,,,,Levski Sofia,Levski Sofia,,,,DRAW,DRAW,,,,TOTAL,TOTAL,,,}}}{{header61,5,291,1,165210,"CANADIAN PREMIER LEAGUE - Saturday, August 20th",,2022-08-20},{235669,,2582269,,2022-08-20,2022-08-20,08-20,17:30,17:30,2022-08-20 17:30:00,,,,,,,{Pacific,Pacific,,,,HFX Wanderers,HFX Wanderers,,,,DRAW,DRAW,,,,TOTAL,TOTAL,,,}}{235673,,2582270,,2022-08-20,2022-08-20,08-20,23:00,23:00,2022-08-20 23:00:00,,,,,,,{York United,York United,,,,Forge,Forge,,,,DRAW,DRAW,,,,TOTAL,TOTAL,,,}}}{{header63,5,9,1,165211,"CHILE PRIMERA B DIVISION - Saturday, August 20th",,2022-08-20},{236489,,2582271,,2022-08-20,2022-08-20,08-20,15:00,15:00,2022-08-20 15:00:00,,,,,,,{Puerto Montt,Puerto Montt,,,,Recoleta,Recoleta,,,,Draw,Draw,,,,Total,Total,,,}}}{{header65,5,9,1,165212,"CHINA CSL - Saturday, August 20th",,2022-08-20},{213073,,2582272,,2022-08-20,2022-08-20,08-20,11:30,11:30,2022-08-20 11:30:00,,,,,,,{Zhejiang Professional FC,Zhejiang Professional FC,,,,Shanghai Port,Shanghai Port,,,,Draw,Draw,,,,Total,Total,,,}}}{{header67,5,9,1,165213,"COLOMBIA LIGA AGUILA - Saturday, August 20th",,2022-08-20},{213289,,2582277,,2022-08-20,2022-08-20,08-20,01:15,01:15,2022-08-21 01:15:00,,,,,,,{Santa Fe Bogota,Santa Fe Bogota,,,,Independiente Medellin,Independiente Medellin,,,,Draw,Draw,,,,Total,Total,,,}}{213293,,2582275,,2022-08-20,2022-08-20,08-20,21:05,21:05,2022-08-20 21:05:00,,,,,,,{Rionegro Aguilas,Rionegro Aguilas,,,,Patriotas Boyaca,Patriotas Boyaca,,,,Draw,Draw,,,,Total,Total,,,}}{213317,,2582276,,2022-08-20,2022-08-20,08-20,23:10,23:10,2022-08-20 23:10:00,,,,,,,{Jaguares de Cordoba,Jaguares de Cordoba,,,,Millonarios,Millonarios,,,,Draw,Draw,,,,Total,Total,,,}}{213325,,2582274,,2022-08-20,2022-08-20,08-20,19:00,19:00,2022-08-20 19:00:00,,,,,,,{Cortulua,Cortulua,,,,Deportivo Pereira,Deportivo Pereira,,,,Draw,Draw,,,,Total,Total,,,}}}{{header69,5,227,1,165214,"COSTA RICA PRIMERA DIVISION - Saturday, August 20th",,2022-08-20},{209129,,2582278,,2022-08-20,2022-08-20,08-20,02:15,02:15,2022-08-21 02:15:00,,,,,,,{Grecia,Grecia,,,,San Carlos,San Carlos,,,,DRAW,DRAW,,,,TOTAL,TOTAL,,,}}{209137,,2582279,,2022-08-20,2022-08-20,08-20,02:00,02:00,2022-08-21 02:00:00,,,,,,,{Perez Zeledon,Perez Zeledon,,,,Saprissa,Saprissa,,,,DRAW,DRAW,,,,TOTAL,TOTAL,,,}}{209141,,2582280,,2022-08-20,2022-08-20,08-20,00:00,00:00,2022-08-21 00:00:00,,,,,,,{Herediano,Herediano,,,,Santos de Guapiles,Santos de Guapiles,,,,DRAW,DRAW,,,,TOTAL,TOTAL,,,}}}{{header71,5,208,1,165215,"CROATIA HNL - Saturday, August 20th",,2022-08-20},{213705,,2582282,,2022-08-20,2022-08-20,08-20,19:05,19:05,2022-08-20 19:05:00,,,,,,,{Osijek,Osijek,,,,Dinamo Zagreb,Dinamo Zagreb,,,,DRAW,DRAW,,,,TOTAL,TOTAL,,,}}{213713,,2582281,,2022-08-20,2022-08-20,08-20,16:30,16:30,2022-08-20 16:30:00,,,,,,,{Sibenik,Sibenik,,,,NK Varazdin,NK Varazdin,,,,DRAW,DRAW,,,,TOTAL,TOTAL,,,}}}{{header73,5,9,1,165216,"CZECH REPUBLIC FIRST LEAGUE - Saturday, August 20th",,2022-08-20},{204905,,2582283,,2022-08-20,2022-08-20,08-20,14:00,14:00,2022-08-20 14:00:00,,,,,,,{Teplice,Teplice,,,,Banik Ostrava,Banik Ostrava,,,,Draw,Draw,,,,Total,Total,,,}}{204913,,2582284,,2022-08-20,2022-08-20,08-20,14:00,14:00,2022-08-20 14:00:00,,,,,,,{Hradec Kralove,Hradec Kralove,,,,Bohemians 1905,Bohemians 1905,,,,Draw,Draw,,,,Total,Total,,,}}{204921,,2582285,,2022-08-20,2022-08-20,08-20,17:00,17:00,2022-08-20 17:00:00,,,,,,,{Sparta Praha,Sparta Praha,,,,Mlada Boleslav,Mlada Boleslav,,,,Draw,Draw,,,,Total,Total,,,}}}{{header75,5,260,1,165217,"DENMARK DIVISION 1 - Saturday, August 20th",,2022-08-20},{202929,,2582286,,2022-08-20,2022-08-20,08-20,11:00,11:00,2022-08-20 11:00:00,,,,,,,{SoenderjyskE,SoenderjyskE,,,,Vejle,Vejle,,,,DRAW,DRAW,,,,TOTAL,TOTAL,,,}}{202933,,2582287,,2022-08-20,2022-08-20,08-20,13:00,13:00,2022-08-20 13:00:00,,,,,,,{Hilleroed,Hilleroed,,,,Hobro IK,Hobro IK,,,,DRAW,DRAW,,,,TOTAL,TOTAL,,,}}}{{header77,5,36,1,165218,"DENMARK SUPERLIGA - Saturday, August 20th",,2022-08-20},{205125,,2582288,,2022-08-20,2022-08-20,08-20,14:00,14:00,2022-08-20 14:00:00,,,,,,,{Aarhus GF,Aarhus GF,,,,FC Midtjylland,FC Midtjylland,,,,DRAW,DRAW,,,,TOTAL,TOTAL,,,}}}{{header169,5,9,1,165650,"ECUADOR SERIE A - Saturday, August 20th",,2022-08-20},{214209,,2604859,,2022-08-20,2022-08-20,08-20,22:30,22:30,2022-08-20 22:30:00,,,,,,,{Cumbaya,Cumbaya,,,,LDU Quito,LDU Quito,,,,Draw,Draw,,,,Total,Total,,,}}{214337,,2620997,,2022-08-20,2022-08-20,08-20,01:00,01:00,2022-08-21 01:00:00,,,,,,,{Aucas,Aucas,,,,Macara,Macara,,,,Draw,Draw,,,,Total,Total,,,}}{214345,,2620996,,2022-08-20,2022-08-20,08-20,20:00,20:00,2022-08-20 20:00:00,,,,,,,{Barcelona SC,Barcelona SC,,,,Orense,Orense,,,,Draw,Draw,,,,Total,Total,,,}}}{{header79,5,9,1,165219,"EGYPT PREMIER LEAGUE - Saturday, August 20th",,2022-08-20},{214421,,2582289,,2022-08-20,2022-08-20,08-20,16:30,16:30,2022-08-20 16:30:00,,,,,,,{National Bank Egypt,National Bank Egypt,,,,Al Ittihad,Al Ittihad,,,,Draw,Draw,,,,Total,Total,,,}}}{{header81,5,55,1,165220,"ENGLAND CHAMPIONSHIP - Saturday, August 20th",,2022-08-20},{200201,,2582291,,2022-08-20,2022-08-20,08-20,14:00,14:00,2022-08-20 14:00:00,,,,,,,{Rotherham,Rotherham,,,,Queens Park Rangers,Queens Park Rangers,,,,DRAW,DRAW,,,,TOTAL,TOTAL,,,}}{200205,,2582292,,2022-08-20,2022-08-20,08-20,14:00,14:00,2022-08-20 14:00:00,,,,,,,{Huddersfield Town,Huddersfield Town,,,,Coventry City,Coventry City,,,,DRAW,DRAW,,,,TOTAL,TOTAL,,,}}{200209,,2582293,,2022-08-20,2022-08-20,08-20,14:00,14:00,2022-08-20 14:00:00,,,,,,,{Hull City,Hull City,,,,West Bromwich Albion,West Bromwich Albion,,,,DRAW,DRAW,,,,TOTAL,TOTAL,,,}}{200213,,2582294,,2022-08-20,2022-08-20,08-20,14:00,14:00,2022-08-20 14:00:00,,,,,,,{Blackpool,Blackpool,,,,Burnley FC,Burnley FC,,,,DRAW,DRAW,,,,TOTAL,TOTAL,,,}}{200217,,2582295,,2022-08-20,2022-08-20,08-20,14:00,14:00,2022-08-20 14:00:00,,,,,,,{Sunderland,Sunderland,,,,Stoke City,Stoke City,,,,DRAW,DRAW,,,,TOTAL,TOTAL,,,}}{200221,,2582296,,2022-08-20,2022-08-20,08-20,14:00,14:00,2022-08-20 14:00:00,,,,,,,{Watford,Watford,,,,Preston,Preston,,,,DRAW,DRAW,,,,TOTAL,TOTAL,,,}}{200225,,2582297,,2022-08-20,2022-08-20,08-20,14:00,14:00,2022-08-20 14:00:00,,,,,,,{Luton Town,Luton Town,,,,Swansea City,Swansea City,,,,DRAW,DRAW,,,,TOTAL,TOTAL,,,}}{200229,,2582298,,2022-08-20,2022-08-20,08-20,14:00,14:00,2022-08-20 14:00:00,,,,,,,{Blackburn,Blackburn,,,,Sheffield United,Sheffield United,,,,DRAW,DRAW,,,,TOTAL,TOTAL,,,}}{200233,,2582299,,2022-08-20,2022-08-20,08-20,14:00,14:00,2022-08-20 14:00:00,,,,,,,{Wigan Athletic,Wigan Athletic,,,,Birmingham City,Birmingham City,,,,DRAW,DRAW,,,,TOTAL,TOTAL,,,}}{200397,,2582290,,2022-08-20,2022-08-20,08-20,14:00,14:00,2022-08-20 14:00:00,,,,,,,{Middlesbrough,Middlesbrough,,,,Reading,Reading,,,,DRAW,DRAW,,,,TOTAL,TOTAL,,,}}}{{header83,5,9,1,165221,"ENGLAND LEAGUE 1 - Saturday, August 20th",,2022-08-20},{200801,,2582300,,2022-08-20,2022-08-20,08-20,14:00,14:00,2022-08-20 14:00:00,,,,,,,{Accrington Stanley,Accrington Stanley,,,,Milton Keynes Dons,Milton Keynes Dons,,,,Draw,Draw,,,,Total,Total,,,}}{200805,,2582301,,2022-08-20,2022-08-20,08-20,14:00,14:00,2022-08-20 14:00:00,,,,,,,{Derby County,Derby County,,,,Fleetwood Town,Fleetwood Town,,,,Draw,Draw,,,,Total,Total,,,}}{200809,,2582302,,2022-08-20,2022-08-20,08-20,14:00,14:00,2022-08-20 14:00:00,,,,,,,{Sheffield Wednesday,Sheffield Wednesday,,,,Bolton,Bolton,,,,Draw,Draw,,,,Total,Total,,,}}{200813,,2582303,,2022-08-20,2022-08-20,08-20,14:00,14:00,2022-08-20 14:00:00,,,,,,,{Port Vale,Port Vale,,,,Burton Albion,Burton Albion,,,,Draw,Draw,,,,Total,Total,,,}}{200817,,2582304,,2022-08-20,2022-08-20,08-20,14:00,14:00,2022-08-20 14:00:00,,,,,,,{Ipswich Town,Ipswich Town,,,,Shrewsbury Town,Shrewsbury Town,,,,Draw,Draw,,,,Total,Total,,,}}{200821,,2582305,,2022-08-20,2022-08-20,08-20,14:00,14:00,2022-08-20 14:00:00,,,,,,,{Cambridge United,Cambridge United,,,,Charlton,Charlton,,,,Draw,Draw,,,,Total,Total,,,}}{200825,,2582306,,2022-08-20,2022-08-20,08-20,14:00,14:00,2022-08-20 14:00:00,,,,,,,{Bristol Rovers,Bristol Rovers,,,,Portsmouth,Portsmouth,,,,Draw,Draw,,,,Total,Total,,,}}{200829,,2582307,,2022-08-20,2022-08-20,08-20,14:00,14:00,2022-08-20 14:00:00,,,,,,,{Lincoln City,Lincoln City,,,,Peterborough,Peterborough,,,,Draw,Draw,,,,Total,Total,,,}}{200833,,2582308,,2022-08-20,2022-08-20,08-20,14:00,14:00,2022-08-20 14:00:00,,,,,,,{Morecambe,Morecambe,,,,Oxford Utd,Oxford Utd,,,,Draw,Draw,,,,Total,Total,,,}}{200837,,2582309,,2022-08-20,2022-08-20,08-20,14:00,14:00,2022-08-20 14:00:00,,,,,,,{Plymouth Argyle,Plymouth Argyle,,,,Forest Green Rovers,Forest Green Rovers,,,,Draw,Draw,,,,Total,Total,,,}}{200841,,2582310,,2022-08-20,2022-08-20,08-20,14:00,14:00,2022-08-20 14:00:00,,,,,,,{Cheltenham Town,Cheltenham Town,,,,Exeter City,Exeter City,,,,Draw,Draw,,,,Total,Total,,,}}{200845,,2582311,,2022-08-20,2022-08-20,08-20,14:00,14:00,2022-08-20 14:00:00,,,,,,,{Wycombe Wanderers,Wycombe Wanderers,,,,Barnsley,Barnsley,,,,Draw,Draw,,,,Total,Total,,,}}}{{header85,5,9,1,165222,"ENGLAND LEAGUE 2 - Saturday, August 20th",,2022-08-20},{201101,,2582312,,2022-08-20,2022-08-20,08-20,12:00,12:00,2022-08-20 12:00:00,,,,,,,{Bradford City,Bradford City,,,,Hartlepool United,Hartlepool United,,,,Draw,Draw,,,,Total,Total,,,}}{201105,,2582313,,2022-08-20,2022-08-20,08-20,14:00,14:00,2022-08-20 14:00:00,,,,,,,{Carlisle United,Carlisle United,,,,Stevenage,Stevenage,,,,Draw,Draw,,,,Total,Total,,,}}{201109,,2582314,,2022-08-20,2022-08-20,08-20,14:00,14:00,2022-08-20 14:00:00,,,,,,,{AFC Wimbledon,AFC Wimbledon,,,,Crawley Town,Crawley Town,,,,Draw,Draw,,,,Total,Total,,,}}{201113,,2582315,,2022-08-20,2022-08-20,08-20,14:00,14:00,2022-08-20 14:00:00,,,,,,,{Sutton United,Sutton United,,,,Grimsby Town,Grimsby Town,,,,Draw,Draw,,,,Total,Total,,,}}{201117,,2582316,,2022-08-20,2022-08-20,08-20,14:00,14:00,2022-08-20 14:00:00,,,,,,,{Walsall,Walsall,,,,Gillingham,Gillingham,,,,Draw,Draw,,,,Total,Total,,,}}{201121,,2582317,,2022-08-20,2022-08-20,08-20,14:00,14:00,2022-08-20 14:00:00,,,,,,,{Rochdale,Rochdale,,,,Swindon Town,Swindon Town,,,,Draw,Draw,,,,Total,Total,,,}}{201125,,2582318,,2022-08-20,2022-08-20,08-20,14:00,14:00,2022-08-20 14:00:00,,,,,,,{Tranmere Rovers,Tranmere Rovers,,,,Newport County,Newport County,,,,Draw,Draw,,,,Total,Total,,,}}{201129,,2582319,,2022-08-20,2022-08-20,08-20,14:00,14:00,2022-08-20 14:00:00,,,,,,,{Northampton Town,Northampton Town,,,,Crewe Alexandra,Crewe Alexandra,,,,Draw,Draw,,,,Total,Total,,,}}{201133,,2582320,,2022-08-20,2022-08-20,08-20,14:00,14:00,2022-08-20 14:00:00,,,,,,,{Leyton Orient,Leyton Orient,,,,Colchester United,Colchester United,,,,Draw,Draw,,,,Total,Total,,,}}{201137,,2582321,,2022-08-20,2022-08-20,08-20,14:00,14:00,2022-08-20 14:00:00,,,,,,,{Stockport County,Stockport County,,,,Mansfield,Mansfield,,,,Draw,Draw,,,,Total,Total,,,}}{201141,,2582322,,2022-08-20,2022-08-20,08-20,14:00,14:00,2022-08-20 14:00:00,,,,,,,{Salford City,Salford City,,,,Doncaster,Doncaster,,,,Draw,Draw,,,,Total,Total,,,}}{201145,,2582323,,2022-08-20,2022-08-20,08-20,14:00,14:00,2022-08-20 14:00:00,,,,,,,{Harrogate Town,Harrogate Town,,,,Barrow,Barrow,,,,Draw,Draw,,,,Total,Total,,,}}}{{header87,5,245,1,165223,"ENGLAND PREMIER LEAGUE - Saturday, August 20th",,2022-08-20},{200077,,2582324,,2022-08-20,2022-08-20,08-20,11:30,11:30,2022-08-20 11:30:00,,,,,,,{Wolverhampton Wanderers,Wolverhampton Wanderers,,,,Tottenham,Tottenham,,,,DRAW,DRAW,,,,TOTAL,TOTAL,,,}}{200081,,2582325,,2022-08-20,2022-08-20,08-20,14:00,14:00,2022-08-20 14:00:00,,,,,,,{Brentford,Brentford,,,,Fulham,Fulham,,,,DRAW,DRAW,,,,TOTAL,TOTAL,,,}}{200085,,2582326,,2022-08-20,2022-08-20,08-20,14:00,14:00,2022-08-20 14:00:00,,,,,,,{Aston Villa,Aston Villa,,,,Crystal Palace,Crystal Palace,,,,DRAW,DRAW,,,,TOTAL,TOTAL,,,}}{200089,,2582327,,2022-08-20,2022-08-20,08-20,14:00,14:00,2022-08-20 14:00:00,,,,,,,{Nottingham Forest,Nottingham Forest,,,,Everton,Everton,,,,DRAW,DRAW,,,,TOTAL,TOTAL,,,}}{200093,,2582328,,2022-08-20,2022-08-20,08-20,14:00,14:00,2022-08-20 14:00:00,,,,,,,{Southampton,Southampton,,,,Leicester City,Leicester City,,,,DRAW,DRAW,,,,TOTAL,TOTAL,,,}}{200097,,2582329,,2022-08-20,2022-08-20,08-20,16:30,16:30,2022-08-20 16:30:00,,,,,,,{Arsenal,Arsenal,,,,Bournemouth,Bournemouth,,,,DRAW,DRAW,,,,TOTAL,TOTAL,,,}}}{{header89,5,9,1,165224,"ENGLAND VANARAMA NATIONAL LEAGUE - Saturday, August 20th",,2022-08-20},{226001,,2582330,,2022-08-20,2022-08-20,08-20,14:00,14:00,2022-08-20 14:00:00,,,,,,,{Woking,Woking,,,,Barnet,Barnet,,,,Draw,Draw,,,,Total,Total,,,}}{226005,,2582331,,2022-08-20,2022-08-20,08-20,14:00,14:00,2022-08-20 14:00:00,,,,,,,{Halifax Town,Halifax Town,,,,Wealdstone,Wealdstone,,,,Draw,Draw,,,,Total,Total,,,}}{226009,,2582332,,2022-08-20,2022-08-20,08-20,14:00,14:00,2022-08-20 14:00:00,,,,,,,{Maidstone United,Maidstone United,,,,Wrexham,Wrexham,,,,Draw,Draw,,,,Total,Total,,,}}{226013,,2582333,,2022-08-20,2022-08-20,08-20,14:00,14:00,2022-08-20 14:00:00,,,,,,,{Gateshead,Gateshead,,,,Dorking Wanderers,Dorking Wanderers,,,,Draw,Draw,,,,Total,Total,,,}}{226017,,2582334,,2022-08-20,2022-08-20,08-20,14:00,14:00,2022-08-20 14:00:00,,,,,,,{Oldham Athletic,Oldham Athletic,,,,Southend,Southend,,,,Draw,Draw,,,,Total,Total,,,}}{226021,,2582335,,2022-08-20,2022-08-20,08-20,14:00,14:00,2022-08-20 14:00:00,,,,,,,{Bromley,Bromley,,,,Aldershot Town,Aldershot Town,,,,Draw,Draw,,,,Total,Total,,,}}{226025,,2582336,,2022-08-20,2022-08-20,08-20,14:00,14:00,2022-08-20 14:00:00,,,,,,,{Eastleigh,Eastleigh,,,,York City,York City,,,,Draw,Draw,,,,Total,Total,,,}}{226029,,2582337,,2022-08-20,2022-08-20,08-20,14:00,14:00,2022-08-20 14:00:00,,,,,,,{Solihull Moors,Solihull Moors,,,,Scunthorpe United,Scunthorpe United,,,,Draw,Draw,,,,Total,Total,,,}}{226033,,2582338,,2022-08-20,2022-08-20,08-20,14:00,14:00,2022-08-20 14:00:00,,,,,,,{Yeovil Town,Yeovil Town,,,,Altrincham,Altrincham,,,,Draw,Draw,,,,Total,Total,,,}}{226037,,2582339,,2022-08-20,2022-08-20,08-20,14:00,14:00,2022-08-20 14:00:00,,,,,,,{Boreham Wood,Boreham Wood,,,,Torquay United,Torquay United,,,,Draw,Draw,,,,Total,Total,,,}}{226041,,2582340,,2022-08-20,2022-08-20,08-20,14:00,14:00,2022-08-20 14:00:00,,,,,,,{Maidenhead United,Maidenhead United,,,,Dagenham and Redbridge,Dagenham and Redbridge,,,,Draw,Draw,,,,Total,Total,,,}}{226045,,2582341,,2022-08-20,2022-08-20,08-20,16:20,16:20,2022-08-20 16:20:00,,,,,,,{Chesterfield,Chesterfield,,,,Notts County,Notts County,,,,Draw,Draw,,,,Total,Total,,,}}}{{header93,5,246,1,165226,"ESTONIA MEISTRILIIGA - Saturday, August 20th",,2022-08-20},{214841,,2582346,,2022-08-20,2022-08-20,08-20,16:00,16:00,2022-08-20 16:00:00,,,,,,,{Parnu,Parnu,,,,Flora,Flora,,,,DRAW,DRAW,,,,TOTAL,TOTAL,,,}}{214845,,2582344,,2022-08-20,2022-08-20,08-20,11:30,11:30,2022-08-20 11:30:00,,,,,,,{Paide,Paide,,,,Tallinna Kalev,Tallinna Kalev,,,,DRAW,DRAW,,,,TOTAL,TOTAL,,,}}{214849,,2582345,,2022-08-20,2022-08-20,08-20,14:00,14:00,2022-08-20 14:00:00,,,,,,,{TJK Legion,TJK Legion,,,,FC Narva Trans,FC Narva Trans,,,,DRAW,DRAW,,,,TOTAL,TOTAL,,,}}}{{header91,5,265,1,165225,"FINLAND VEIKKAUSLIIGA - Saturday, August 20th",,2022-08-20},{215037,,2582342,,2022-08-20,2022-08-20,08-20,14:00,14:00,2022-08-20 14:00:00,,,,,,,{KuPS,KuPS,,,,SJK,SJK,,,,DRAW,DRAW,,,,TOTAL,TOTAL,,,}}{215041,,2582343,,2022-08-20,2022-08-20,08-20,14:00,14:00,2022-08-20 14:00:00,,,,,,,{Lahti,Lahti,,,,VPS,VPS,,,,DRAW,DRAW,,,,TOTAL,TOTAL,,,}}}{{header95,5,286,1,165227,"FRANCE LIGUE 1 - Saturday, August 20th",,2022-08-20},{203285,,2582347,,2022-08-20,2022-08-20,08-20,15:00,15:00,2022-08-20 15:00:00,,,,,,,{Lens,Lens,,,,AS Monaco,AS Monaco,,,,DRAW,DRAW,,,,TOTAL,TOTAL,,,}}{203289,,2582348,,2022-08-20,2022-08-20,08-20,19:00,19:00,2022-08-20 19:00:00,,,,,,,{FC Nantes,FC Nantes,,,,Marseille,Marseille,,,,DRAW,DRAW,,,,TOTAL,TOTAL,,,}}}{{header97,5,28,1,165228,"FRANCE LIGUE 2 - Saturday, August 20th",,2022-08-20},{203513,,2582349,,2022-08-20,2022-08-20,08-20,17:00,17:00,2022-08-20 17:00:00,,,,,,,{Guingamp,Guingamp,,,,Caen,Caen,,,,DRAW,DRAW,,,,TOTAL,TOTAL,,,}}{203517,,2582350,,2022-08-20,2022-08-20,08-20,17:00,17:00,2022-08-20 17:00:00,,,,,,,{Annecy FC,null,,,,Rodez,Rodez,,,,DRAW,DRAW,,,,TOTAL,TOTAL,,,}}{203521,,2582351,,2022-08-20,2022-08-20,08-20,17:00,17:00,2022-08-20 17:00:00,,,,,,,{Sochaux,Sochaux,,,,Pau,Pau,,,,DRAW,DRAW,,,,TOTAL,TOTAL,,,}}{203525,,2582352,,2022-08-20,2022-08-20,08-20,17:00,17:00,2022-08-20 17:00:00,,,,,,,{Quevilly Rouen,Quevilly Rouen,,,,Valenciennes,Valenciennes,,,,DRAW,DRAW,,,,TOTAL,TOTAL,,,}}{203529,,2582353,,2022-08-20,2022-08-20,08-20,17:00,17:00,2022-08-20 17:00:00,,,,,,,{Paris,Paris,,,,Niort,Niort,,,,DRAW,DRAW,,,,TOTAL,TOTAL,,,}}{203533,,2582354,,2022-08-20,2022-08-20,08-20,17:00,17:00,2022-08-20 17:00:00,,,,,,,{Nimes,Nimes,,,,Dijon,Dijon,,,,DRAW,DRAW,,,,TOTAL,TOTAL,,,}}{203537,,2582355,,2022-08-20,2022-08-20,08-20,17:00,17:00,2022-08-20 17:00:00,,,,,,,{Metz,Metz,,,,Laval,Laval,,,,DRAW,DRAW,,,,TOTAL,TOTAL,,,}}{203541,,2582356,,2022-08-20,2022-08-20,08-20,17:00,17:00,2022-08-20 17:00:00,,,,,,,{SC Bastia,SC Bastia,,,,Amiens SC,Amiens SC,,,,DRAW,DRAW,,,,TOTAL,TOTAL,,,}}{203545,,2582357,,2022-08-20,2022-08-20,08-20,13:00,13:00,2022-08-20 13:00:00,,,,,,,{Le Havre,Le Havre,,,,Saint-Etienne,Saint-Etienne,,,,DRAW,DRAW,,,,TOTAL,TOTAL,,,}}}{{header99,5,247,1,165229,"GEORGIA EROVNULI LIGA - Saturday, August 20th",,2022-08-20},{215697,,2582358,,2022-08-20,2022-08-20,08-20,13:30,13:30,2022-08-20 13:30:00,,,,,,,{Samgurali,Samgurali,,,,Sioni,Sioni,,,,DRAW,DRAW,,,,TOTAL,TOTAL,,,}}{215709,,2582359,,2022-08-20,2022-08-20,08-20,16:00,16:00,2022-08-20 16:00:00,,,,,,,{Dila,Dila,,,,FC Dinamo Tbilisi,FC Dinamo Tbilisi,,,,DRAW,DRAW,,,,TOTAL,TOTAL,,,}}}{{header101,5,27,1,165230,"GERMAN BUNDESLIGA - Saturday, August 20th",,2022-08-20},{202477,,2582360,,2022-08-20,2022-08-20,08-20,13:30,13:30,2022-08-20 13:30:00,,,,,,,{Werder Bremen,Werder Bremen,,,,Borussia Dortmund,Borussia Dortmund,,,,DRAW,DRAW,,,,TOTAL,TOTAL,,,}}{202481,,2582361,,2022-08-20,2022-08-20,08-20,13:30,13:30,2022-08-20 13:30:00,,,,,,,{Hoffenheim,Hoffenheim,,,,Bayer Leverkusen,Bayer Leverkusen,,,,DRAW,DRAW,,,,TOTAL,TOTAL,,,}}{202485,,2582362,,2022-08-20,2022-08-20,08-20,13:30,13:30,2022-08-20 13:30:00,,,,,,,{Schalke 04,Schalke 04,,,,Wolfsburg,Wolfsburg,,,,DRAW,DRAW,,,,TOTAL,TOTAL,,,}}{202489,,2582363,,2022-08-20,2022-08-20,08-20,13:30,13:30,2022-08-20 13:30:00,,,,,,,{FSV Mainz 05,FSV Mainz 05,,,,FC Augsburg,FC Augsburg,,,,DRAW,DRAW,,,,TOTAL,TOTAL,,,}}{202493,,2582364,,2022-08-20,2022-08-20,08-20,13:30,13:30,2022-08-20 13:30:00,,,,,,,{SC Freiburg,SC Freiburg,,,,VFB Stuttgart,VFB Stuttgart,,,,DRAW,DRAW,,,,TOTAL,TOTAL,,,}}{202497,,2582365,,2022-08-20,2022-08-20,08-20,16:30,16:30,2022-08-20 16:30:00,,,,,,,{RB Leipzig,RB Leipzig,,,,Union Berlin,Union Berlin,,,,DRAW,DRAW,,,,TOTAL,TOTAL,,,}}}{{header103,5,9,1,165231,"GERMAN BUNDESLIGA 2 - Saturday, August 20th",,2022-08-20},{202753,,2582366,,2022-08-20,2022-08-20,08-20,11:00,11:00,2022-08-20 11:00:00,,,,,,,{Holstein Kiel,Holstein Kiel,,,,Paderborn,Paderborn,,,,Draw,Draw,,,,Total,Total,,,}}{202757,,2582367,,2022-08-20,2022-08-20,08-20,11:00,11:00,2022-08-20 11:00:00,,,,,,,{Karlsruher SC,Karlsruher SC,,,,Jahn Regensburg,Jahn Regensburg,,,,Draw,Draw,,,,Total,Total,,,}}{202761,,2582368,,2022-08-20,2022-08-20,08-20,11:00,11:00,2022-08-20 11:00:00,,,,,,,{Nurnberg,Nurnberg,,,,Sandhausen,Sandhausen,,,,Draw,Draw,,,,Total,Total,,,}}{202765,,2582369,,2022-08-20,2022-08-20,08-20,18:30,18:30,2022-08-20 18:30:00,,,,,,,{Fortuna Dusseldorf,Fortuna Dusseldorf,,,,Eintracht Braunschweig,Eintracht Braunschweig,,,,Draw,Draw,,,,Total,Total,,,}}}{{header226,5,27,1,165940,"GERMAN BUNDESLIGA IN-GAME LINES -",,2022-08-20},{292477,,2661995,,2022-08-20,2022-08-20,08-20,06:50,06:50,2022-08-21 06:50:00,,,,,,,{Werder Bremen,Werder Bremen,,,,Borussia Dortmund,Borussia Dortmund,,,,DRAW,DRAW,,,,TOTAL,TOTAL,,,}}{292481,,2661996,,2022-08-20,2022-08-20,08-20,06:50,06:50,2022-08-21 06:50:00,,,,,,,{Hoffenheim,Hoffenheim,,,,Bayer Leverkusen,Bayer Leverkusen,,,,DRAW,DRAW,,,,TOTAL,TOTAL,,,}}{292485,,2661997,,2022-08-20,2022-08-20,08-20,06:50,06:50,2022-08-21 06:50:00,,,,,,,{Schalke 04,Schalke 04,,,,Wolfsburg,Wolfsburg,,,,DRAW,DRAW,,,,TOTAL,TOTAL,,,}}{292489,,2661998,,2022-08-20,2022-08-20,08-20,06:50,06:50,2022-08-21 06:50:00,,,,,,,{FSV Mainz 05,FSV Mainz 05,,,,FC Augsburg,FC Augsburg,,,,DRAW,DRAW,,,,TOTAL,TOTAL,,,}}{292493,,2661999,,2022-08-20,2022-08-20,08-20,06:50,06:50,2022-08-21 06:50:00,,,,,,,{SC Freiburg,SC Freiburg,,,,VFB Stuttgart,VFB Stuttgart,,,,DRAW,DRAW,,,,TOTAL,TOTAL,,,}}{292497,,2662000,,2022-08-20,2022-08-20,08-20,06:50,06:50,2022-08-21 06:50:00,,,,,,,{RB Leipzig,RB Leipzig,,,,Union Berlin,Union Berlin,,,,DRAW,DRAW,,,,TOTAL,TOTAL,,,}}}{{header105,5,168,1,165232,"GREECE SUPER LEAGUE - Saturday, August 20th",,2022-08-20},{205205,,2582370,,2022-08-20,2022-08-20,08-20,17:00,17:00,2022-08-20 17:00:00,,,,,,,{OFI,OFI,,,,Atromitos,Atromitos,,,,DRAW,DRAW,,,,TOTAL,TOTAL,,,}}{205209,,2582371,,2022-08-20,2022-08-20,08-20,18:30,18:30,2022-08-20 18:30:00,,,,,,,{AEK Athens,AEK Athens,,,,Lamia,Lamia,,,,DRAW,DRAW,,,,TOTAL,TOTAL,,,}}{205213,,2582372,,2022-08-20,2022-08-20,08-20,18:45,18:45,2022-08-20 18:45:00,,,,,,,{Panaitolikos,Panaitolikos,,,,PAOK FC,PAOK FC,,,,DRAW,DRAW,,,,TOTAL,TOTAL,,,}}}{{header107,5,9,1,165233,"GUATEMALA LIGA NACIONAL - Saturday, August 20th",,2022-08-20},{216101,,2633917,,2022-08-20,2022-08-20,08-20,02:00,02:00,2022-08-21 02:00:00,,,,,,,{Municipal,Municipal,,,,Comunicaciones,Comunicaciones,,,,Draw,Draw,,,,Total,Total,,,}}{216105,,2582373,,2022-08-20,2022-08-20,08-20,00:00,00:00,2022-08-21 00:00:00,,,,,,,{Xelaju,Xelaju,,,,Mixco,Mixco,,,,Draw,Draw,,,,Total,Total,,,}}{216109,,2582374,,2022-08-20,2022-08-20,08-20,00:00,00:00,2022-08-21 00:00:00,,,,,,,{Achuapa,Achuapa,,,,Antigua GFC,Antigua GFC,,,,Draw,Draw,,,,Total,Total,,,}}}{{header109,5,9,1,165234,"HONDURAS LIGA NACIONAL - Saturday, August 20th",,2022-08-20},{216201,,2582375,,2022-08-20,2022-08-20,08-20,21:30,21:30,2022-08-20 21:30:00,,,,,,,{Vida,Vida,,,,Marathon,Marathon,,,,Draw,Draw,,,,Total,Total,,,}}{216205,,2582376,,2022-08-20,2022-08-20,08-20,01:30,01:30,2022-08-21 01:30:00,,,,,,,{Honduras Progreso,Honduras Progreso,,,,Victoria,Victoria,,,,Draw,Draw,,,,Total,Total,,,}}{216273,,2633918,,2022-08-20,2022-08-20,08-20,01:00,01:00,2022-08-21 01:00:00,,,,,,,{Motagua,Motagua,,,,UPNFM,UPNFM,,,,Draw,Draw,,,,Total,Total,,,}}}{{header113,5,23,1,165236,"ITALY SERIE A - Saturday, August 20th",,2022-08-20},{201241,,2582383,,2022-08-20,2022-08-20,08-20,16:30,16:30,2022-08-20 16:30:00,,,,,,,{Lazio,Lazio,,,,Torino,Torino,,,,DRAW,DRAW,,,,TOTAL,TOTAL,,,}}{201245,,2582384,,2022-08-20,2022-08-20,08-20,16:30,16:30,2022-08-20 16:30:00,,,,,,,{Salernitana,Salernitana,,,,Udinese,Udinese,,,,DRAW,DRAW,,,,TOTAL,TOTAL,,,}}{201249,,2582385,,2022-08-20,2022-08-20,08-20,18:45,18:45,2022-08-20 18:45:00,,,,,,,{Spezia,Spezia,,,,Inter Milan,Inter Milan,,,,DRAW,DRAW,,,,TOTAL,TOTAL,,,}}{201253,,2582386,,2022-08-20,2022-08-20,08-20,18:45,18:45,2022-08-20 18:45:00,,,,,,,{Lecce,Lecce,,,,Sassuolo,Sassuolo,,,,DRAW,DRAW,,,,TOTAL,TOTAL,,,}}}{{header115,5,9,1,165237,"ITALY SERIE B - Saturday, August 20th",,2022-08-20},{201453,,2582387,,2022-08-20,2022-08-20,08-20,18:45,18:45,2022-08-20 18:45:00,,,,,,,{SPAL,SPAL,,,,Ascoli Picchio,Ascoli Picchio,,,,Draw,Draw,,,,Total,Total,,,}}{201457,,2582388,,2022-08-20,2022-08-20,08-20,18:45,18:45,2022-08-20 18:45:00,,,,,,,{Benevento,Benevento,,,,Genoa,Genoa,,,,Draw,Draw,,,,Total,Total,,,}}{201461,,2582389,,2022-08-20,2022-08-20,08-20,18:45,18:45,2022-08-20 18:45:00,,,,,,,{Parma,Parma,,,,Perugia,Perugia,,,,Draw,Draw,,,,Total,Total,,,}}}{{header228,5,23,1,165941,"ITALY SERIE A IN-GAME LINES -",,2022-08-20},{291241,,2662001,,2022-08-20,2022-08-20,08-20,06:50,06:50,2022-08-21 06:50:00,,,,,,,{Lazio,Lazio,,,,Torino,Torino,,,,DRAW,DRAW,,,,TOTAL,TOTAL,,,}}{291245,,2662002,,2022-08-20,2022-08-20,08-20,06:50,06:50,2022-08-21 06:50:00,,,,,,,{Salernitana,Salernitana,,,,Udinese,Udinese,,,,DRAW,DRAW,,,,TOTAL,TOTAL,,,}}{291249,,2662003,,2022-08-20,2022-08-20,08-20,06:50,06:50,2022-08-21 06:50:00,,,,,,,{Spezia,Spezia,,,,Inter Milan,Inter Milan,,,,DRAW,DRAW,,,,TOTAL,TOTAL,,,}}{291253,,2662004,,2022-08-20,2022-08-20,08-20,06:50,06:50,2022-08-21 06:50:00,,,,,,,{Lecce,Lecce,,,,Sassuolo,Sassuolo,,,,DRAW,DRAW,,,,TOTAL,TOTAL,,,}}}{{header117,5,249,1,165238,"JAPAN J LEAGUE DIVISION 1 - Saturday, August 20th",,2022-08-20},{205953,,2582390,,2022-08-20,2022-08-20,08-20,09:00,09:00,2022-08-20 09:00:00,,,,,,,{Kashiwa Reysol,Kashiwa Reysol,,,,Shimizu S-Pulse,Shimizu S-Pulse,,,,DRAW,DRAW,,,,TOTAL,TOTAL,,,}}{205957,,2582391,,2022-08-20,2022-08-20,08-20,10:00,10:00,2022-08-20 10:00:00,,,,,,,{Gamba Osaka,Gamba Osaka,,,,Sanfrecce Hiroshima,Sanfrecce Hiroshima,,,,DRAW,DRAW,,,,TOTAL,TOTAL,,,}}{205961,,2582392,,2022-08-20,2022-08-20,08-20,10:00,10:00,2022-08-20 10:00:00,,,,,,,{Kawasaki Frontale,Kawasaki Frontale,,,,Avispa Fukuoka,Avispa Fukuoka,,,,DRAW,DRAW,,,,TOTAL,TOTAL,,,}}}{{header119,5,251,1,165239,"LITHUANIA A-LYGA - Saturday, August 20th",,2022-08-20},{218709,,2582393,,2022-08-20,2022-08-20,08-20,14:00,14:00,2022-08-20 14:00:00,,,,,,,{Kauno Zalgiris,Kauno Zalgiris,,,,Hegelmann Litauen,Hegelmann Litauen,,,,DRAW,DRAW,,,,TOTAL,TOTAL,,,}}{218713,,2582394,,2022-08-20,2022-08-20,08-20,16:00,16:00,2022-08-20 16:00:00,,,,,,,{Dziugas Telsiai,Dziugas Telsiai,,,,FA Siauliai,FA Siauliai,,,,DRAW,DRAW,,,,TOTAL,TOTAL,,,}}}{{header121,5,21,1,165240,"MAJOR LEAGUE SOCCER - Saturday, August 20th",,2022-08-20},{209801,,2582395,,2022-08-20,2022-08-20,08-20,22:00,22:00,2022-08-20 22:00:00,,,,,,,{FC Cincinnati,FC Cincinnati,,,,New York Red Bulls,New York Red Bulls,,,,DRAW,DRAW,,,,TOTAL,TOTAL,,,}}{209805,,2582396,,2022-08-20,2022-08-20,08-20,23:30,23:30,2022-08-20 23:30:00,,,,,,,{Philadelphia,Philadelphia,,,,D.C. United,D.C. United,,,,DRAW,DRAW,,,,TOTAL,TOTAL,,,}}{209809,,2582397,,2022-08-20,2022-08-20,08-20,23:30,23:30,2022-08-20 23:30:00,,,,,,,{New England,NE,,,,CF Montreal,CF Montreal,,,,DRAW,DRAW,,,,TOTAL,TOTAL,,,}}{209813,,2582398,,2022-08-20,2022-08-20,08-20,00:00,00:00,2022-08-21 00:00:00,,,,,,,{Austin,Austin,,,,Minnesota United,Minnesota United,,,,DRAW,DRAW,,,,TOTAL,TOTAL,,,}}{209817,,2582399,,2022-08-20,2022-08-20,08-20,00:00,00:00,2022-08-21 00:00:00,,,,,,,{Toronto FC,Toronto FC,,,,Inter Miami,Inter Miami,,,,DRAW,DRAW,,,,TOTAL,TOTAL,,,}}{209821,,2582400,,2022-08-20,2022-08-20,08-20,01:00,01:00,2022-08-21 01:00:00,,,,,,,{Houston,Houston,,,,Colorado,Colorado,,,,DRAW,DRAW,,,,TOTAL,TOTAL,,,}}{209825,,2582401,,2022-08-20,2022-08-20,08-20,02:00,02:00,2022-08-21 02:00:00,,,,,,,{Los Angeles FC,Los Angeles FC,,,,San Jose,San Jose,,,,DRAW,DRAW,,,,TOTAL,TOTAL,,,}}{209829,,2582402,,2022-08-20,2022-08-20,08-20,02:00,02:00,2022-08-21 02:00:00,,,,,,,{Vancouver Whitecaps,Vancouver Whitecaps,,,,Real Salt lake,Real Salt lake,,,,DRAW,DRAW,,,,TOTAL,TOTAL,,,}}}{{header230,5,21,1,165942,"MAJOR LEAGUE SOCCER IN-GAME LINES -",,2022-08-20},{299801,,2662005,,2022-08-20,2022-08-20,08-20,06:50,06:50,2022-08-21 06:50:00,,,,,,,{FC Cincinnati,FC Cincinnati,,,,New York Red Bulls,New York Red Bulls,,,,DRAW,DRAW,,,,TOTAL,TOTAL,,,}}{299805,,2662006,,2022-08-20,2022-08-20,08-20,06:50,06:50,2022-08-21 06:50:00,,,,,,,{Philadelphia,Philadelphia,,,,D.C. United,D.C. United,,,,DRAW,DRAW,,,,TOTAL,TOTAL,,,}}{299809,,2662007,,2022-08-20,2022-08-20,08-20,06:50,06:50,2022-08-21 06:50:00,,,,,,,{New England,NE,,,,CF Montreal,CF Montreal,,,,DRAW,DRAW,,,,TOTAL,TOTAL,,,}}{299813,,2662008,,2022-08-20,2022-08-20,08-20,06:50,06:50,2022-08-21 06:50:00,,,,,,,{Austin,Austin,,,,Minnesota United,Minnesota United,,,,DRAW,DRAW,,,,TOTAL,TOTAL,,,}}{299817,,2662009,,2022-08-20,2022-08-20,08-20,06:50,06:50,2022-08-21 06:50:00,,,,,,,{Toronto FC,Toronto FC,,,,Inter Miami,Inter Miami,,,,DRAW,DRAW,,,,TOTAL,TOTAL,,,}}{299821,,2662010,,2022-08-20,2022-08-20,08-20,06:50,06:50,2022-08-21 06:50:00,,,,,,,{Houston,Houston,,,,Colorado,Colorado,,,,DRAW,DRAW,,,,TOTAL,TOTAL,,,}}{299825,,2662011,,2022-08-20,2022-08-20,08-20,06:50,06:50,2022-08-21 06:50:00,,,,,,,{Los Angeles FC,Los Angeles FC,,,,San Jose,San Jose,,,,DRAW,DRAW,,,,TOTAL,TOTAL,,,}}{299829,,2662012,,2022-08-20,2022-08-20,08-20,06:50,06:50,2022-08-21 06:50:00,,,,,,,{Vancouver Whitecaps,Vancouver Whitecaps,,,,Real Salt lake,Real Salt lake,,,,DRAW,DRAW,,,,TOTAL,TOTAL,,,}}}{{header123,5,26,1,165241,"MEXICO LIGA MX - Saturday, August 20th",,2022-08-20},{209217,,2582403,,2022-08-20,2022-08-20,08-20,22:00,22:00,2022-08-20 22:00:00,,,,,,,{Club Tijuana,Club Tijuana,,,,Queretaro,Queretaro,,,,DRAW,DRAW,,,,TOTAL,TOTAL,,,}}{209221,,2582404,,2022-08-20,2022-08-20,08-20,00:05,00:05,2022-08-21 00:05:00,,,,,,,{Puebla,Puebla,,,,Atlas,Atlas,,,,DRAW,DRAW,,,,TOTAL,TOTAL,,,}}{209225,,2582405,,2022-08-20,2022-08-20,08-20,00:05,00:05,2022-08-21 00:05:00,,,,,,,{UANL Tigres,UANL Tigres,,,,Monterrey,Monterrey,,,,DRAW,DRAW,,,,TOTAL,TOTAL,,,}}{209229,,2582406,,2022-08-20,2022-08-20,08-20,02:05,02:05,2022-08-21 02:05:00,,,,,,,{Cruz Azul,Cruz Azul,,,,Club America,Club America,,,,DRAW,DRAW,,,,TOTAL,TOTAL,,,}}{209329,,2633919,,2022-08-20,2022-08-20,08-20,02:05,02:05,2022-08-21 02:05:00,,,,,,,{Mazatlan,Mazatlan,,,,Juarez,Juarez,,,,DRAW,DRAW,,,,TOTAL,TOTAL,,,}}}{{header127,5,29,1,165243,"NETHERLANDS EREDIVISIE - Saturday, August 20th",,2022-08-20},{203889,,2582411,,2022-08-20,2022-08-20,08-20,14:30,14:30,2022-08-20 14:30:00,,,,,,,{SC Heerenveen,SC Heerenveen,,,,Vitesse,Vitesse,,,,DRAW,DRAW,,,,TOTAL,TOTAL,,,}}{203893,,2582412,,2022-08-20,2022-08-20,08-20,16:45,16:45,2022-08-20 16:45:00,,,,,,,{Cambuur Leewarden,Cambuur Leewarden,,,,Fortuna Sittard,Fortuna Sittard,,,,DRAW,DRAW,,,,TOTAL,TOTAL,,,}}{203897,,2582413,,2022-08-20,2022-08-20,08-20,19:00,19:00,2022-08-20 19:00:00,,,,,,,{FC Utrecht,FC Utrecht,,,,Emmen,Emmen,,,,DRAW,DRAW,,,,TOTAL,TOTAL,,,}}}{{header125,5,169,1,165242,"NORTHERN IRELAND PREMIERSHIP - Saturday, August 20th",,2022-08-20},{206029,,2582407,,2022-08-20,2022-08-20,08-20,14:00,14:00,2022-08-20 14:00:00,,,,,,,{Ballymena United,Ballymena United,,,,Dungannon Swifts,Dungannon Swifts,,,,DRAW,DRAW,,,,TOTAL,TOTAL,,,}}{206033,,2582408,,2022-08-20,2022-08-20,08-20,14:00,14:00,2022-08-20 14:00:00,,,,,,,{Larne,Larne,,,,Glenavon,Glenavon,,,,DRAW,DRAW,,,,TOTAL,TOTAL,,,}}{206037,,2582409,,2022-08-20,2022-08-20,08-20,14:00,14:00,2022-08-20 14:00:00,,,,,,,{Carrick Rangers,Carrick Rangers,,,,Cliftonville,Cliftonville,,,,DRAW,DRAW,,,,TOTAL,TOTAL,,,}}{206041,,2582410,,2022-08-20,2022-08-20,08-20,14:00,14:00,2022-08-20 14:00:00,,,,,,,{Coleraine,Coleraine,,,,Portadown,Portadown,,,,DRAW,DRAW,,,,TOTAL,TOTAL,,,}}}{{header129,5,38,1,165244,"NORWAY ELITESERIEN - Saturday, August 20th",,2022-08-20},{206381,,2582414,,2022-08-20,2022-08-20,08-20,16:00,16:00,2022-08-20 16:00:00,,,,,,,{Sarpsborg 08,Sarpsborg 08,,,,Odds BK,Odds BK,,,,DRAW,DRAW,,,,TOTAL,TOTAL,,,}}{206393,,2582415,,2022-08-20,2022-08-20,08-20,16:00,16:00,2022-08-20 16:00:00,,,,,,,{HamKam,HamKam,,,,Bodo Glimt,Bodo Glimt,,,,DRAW,DRAW,,,,TOTAL,TOTAL,,,}}}{{header131,5,263,1,165245,"NORWAY OBOS LIGAEN - Saturday, August 20th",,2022-08-20},{237801,,2582416,,2022-08-20,2022-08-20,08-20,14:00,14:00,2022-08-20 14:00:00,,,,,,,{Brann,Brann,,,,Sogndal,Sogndal,,,,DRAW,DRAW,,,,TOTAL,TOTAL,,,}}}{{header133,5,252,1,165246,"PARAGUAY PRIMERA DIVISION - Saturday, August 20th",,2022-08-20},{220033,,2582417,,2022-08-20,2022-08-20,08-20,20:00,20:00,2022-08-20 20:00:00,,,,,,,{Olimpia Asuncion,Olimpia Asuncion,,,,General Caballero JLM,General Caballero JLM,,,,DRAW,DRAW,,,,TOTAL,TOTAL,,,}}{220037,,2582418,,2022-08-20,2022-08-20,08-20,22:30,22:30,2022-08-20 22:30:00,,,,,,,{Tacuary,Tacuary,,,,12 de Octubre,12 de Octubre,,,,DRAW,DRAW,,,,TOTAL,TOTAL,,,}}}{{header135,5,9,1,165247,"PERU PRIMERA DIVISION - Saturday, August 20th",,2022-08-20},{209641,,2582419,,2022-08-20,2022-08-20,08-20,20:30,20:30,2022-08-20 20:30:00,,,,,,,{Atletico Grau,Atletico Grau,,,,Cienciano,Cienciano,,,,Draw,Draw,,,,Total,Total,,,}}{209693,,2582421,,2022-08-20,2022-08-20,08-20,18:15,18:15,2022-08-20 18:15:00,,,,,,,{Alianza Atletico,Alianza Atletico,,,,Deportivo Municipal,Deportivo Municipal,,,,Draw,Draw,,,,Total,Total,,,}}}{{header137,5,204,1,165248,"POLAND EKSTRAKLASA - Saturday, August 20th",,2022-08-20},{206565,,2582422,,2022-08-20,2022-08-20,08-20,13:00,13:00,2022-08-20 13:00:00,,,,,,,{Korona Kielce,Korona Kielce,,,,Wisla Plock,Wisla Plock,,,,DRAW,DRAW,,,,TOTAL,TOTAL,,,}}{206589,,2582423,,2022-08-20,2022-08-20,08-20,15:30,15:30,2022-08-20 15:30:00,,,,,,,{Cracovia Krakow,Cracovia Krakow,,,,Slask Wroclaw,Slask Wroclaw,,,,DRAW,DRAW,,,,TOTAL,TOTAL,,,}}{206593,,2633920,,2022-08-20,2022-08-20,08-20,18:00,18:00,2022-08-20 18:00:00,,,,,,,{Widzew Lodz,Widzew Lodz,,,,Warta Poznan,Warta Poznan,,,,DRAW,DRAW,,,,TOTAL,TOTAL,,,}}}{{header139,5,57,1,165249,"PORTUGAL PRIMEIRA LIGA - Saturday, August 20th",,2022-08-20},{206665,,2582425,,2022-08-20,2022-08-20,08-20,17:00,17:00,2022-08-20 17:00:00,,,,,,,{Vizela,Vizela,,,,Chaves,Chaves,,,,DRAW,DRAW,,,,TOTAL,TOTAL,,,}}{206669,,2582426,,2022-08-20,2022-08-20,08-20,19:30,19:30,2022-08-20 19:30:00,,,,,,,{Sporting Lisbon,Sporting Lisbon,,,,FC Porto,FC Porto,,,,DRAW,DRAW,,,,TOTAL,TOTAL,,,}}{206673,,2582424,,2022-08-20,2022-08-20,08-20,14:30,14:30,2022-08-20 14:30:00,,,,,,,{FC Arouca,FC Arouca,,,,Santa Clara,SCU,,,,DRAW,DRAW,,,,TOTAL,TOTAL,,,}}}{{header141,5,261,1,165250,"ROMANIA LIGA 1 - Saturday, August 20th",,2022-08-20},{206941,,2582427,,2022-08-20,2022-08-20,08-20,18:30,18:30,2022-08-20 18:30:00,,,,,,,{UTA Arad,UTA Arad,,,,Rapid Bucuresti,Rapid Bucuresti,,,,DRAW,DRAW,,,,TOTAL,TOTAL,,,}}}{{header143,5,9,1,165251,"SCOTLAND CHAMPIONSHIP - Saturday, August 20th",,2022-08-20},{220841,,2582428,,2022-08-20,2022-08-20,08-20,14:00,14:00,2022-08-20 14:00:00,,,,,,,{Dundee,Dundee,,,,Greenock Morton,Greenock Morton,,,,Draw,Draw,,,,Total,Total,,,}}{220845,,2582429,,2022-08-20,2022-08-20,08-20,14:00,14:00,2022-08-20 14:00:00,,,,,,,{Raith Rovers,Raith Rovers,,,,Hamilton Academical,Hamilton Academical,,,,Draw,Draw,,,,Total,Total,,,}}{220849,,2582430,,2022-08-20,2022-08-20,08-20,14:00,14:00,2022-08-20 14:00:00,,,,,,,{Queen's Park,Queen's Park,,,,Arbroath,Arbroath,,,,Draw,Draw,,,,Total,Total,,,}}{220853,,2582431,,2022-08-20,2022-08-20,08-20,14:00,14:00,2022-08-20 14:00:00,,,,,,,{Ayr United,Ayr United,,,,Cove Rangers,Cove Rangers,,,,Draw,Draw,,,,Total,Total,,,}}}{{header145,5,9,1,165252,"SCOTLAND PREMIERSHIP - Saturday, August 20th",,2022-08-20},{207073,,2582432,,2022-08-20,2022-08-20,08-20,11:30,11:30,2022-08-20 11:30:00,,,,,,,{RANGERS,RANGERS,,,,Hibernian,Hibernian,,,,Draw,Draw,,,,Total,Total,,,}}{207081,,2582433,,2022-08-20,2022-08-20,08-20,14:00,14:00,2022-08-20 14:00:00,,,,,,,{St. Mirren,St. Mirren,,,,Dundee United,Dundee United,,,,Draw,Draw,,,,Total,Total,,,}}{207085,,2582434,,2022-08-20,2022-08-20,08-20,14:00,14:00,2022-08-20 14:00:00,,,,,,,{Livingston,Livingston,,,,Motherwell,Motherwell,,,,Draw,Draw,,,,Total,Total,,,}}{207089,,2582435,,2022-08-20,2022-08-20,08-20,14:00,14:00,2022-08-20 14:00:00,,,,,,,{Kilmarnock,Kilmarnock,,,,Ross County,Ross County,,,,Draw,Draw,,,,Total,Total,,,}}{207093,,2582436,,2022-08-20,2022-08-20,08-20,14:00,14:00,2022-08-20 14:00:00,,,,,,,{Aberdeen,Aberdeen,,,,St. Johnstone,St. Johnstone,,,,Draw,Draw,,,,Total,Total,,,}}}{{header147,5,207,1,165253,"SERBIA SUPER LIGA - Saturday, August 20th",,2022-08-20},{221213,,2582438,,2022-08-20,2022-08-20,08-20,15:55,15:55,2022-08-20 15:55:00,,,,,,,{Mladost Lucani,Mladost Lucani,,,,Vojvodina,Vojvodina,,,,DRAW,DRAW,,,,TOTAL,TOTAL,,,}}{221217,,2582439,,2022-08-20,2022-08-20,08-20,18:00,18:00,2022-08-20 18:00:00,,,,,,,{Radnicki Kragujevac,Radnicki Kragujevac,,,,Javor Ivanjica,Javor Ivanjica,,,,DRAW,DRAW,,,,TOTAL,TOTAL,,,}}}{{header149,5,9,1,165254,"SINGAPORE S LEAGUE - Saturday, August 20th",,2022-08-20},{221405,,2582440,,2022-08-20,2022-08-20,08-20,09:30,09:30,2022-08-20 09:30:00,,,,,,,{Young Lions,Young Lions,,,,Hougang United,Hougang United,,,,Draw,Draw,,,,Total,Total,,,}}{221409,,2582441,,2022-08-20,2022-08-20,08-20,09:30,09:30,2022-08-20 09:30:00,,,,,,,{Tanjong Pagar,Tanjong Pagar,,,,Home United,Home United,,,,Draw,Draw,,,,Total,Total,,,}}}{{header151,5,9,1,165255,"SLOVAKIA SUPERLIGA - Saturday, August 20th",,2022-08-20},{221701,,2582442,,2022-08-20,2022-08-20,08-20,16:00,16:00,2022-08-20 16:00:00,,,,,,,{Skalica,Skalica,,,,Zemplin Michalovce,Zemplin Michalovce,,,,Draw,Draw,,,,Total,Total,,,}}{221705,,2582443,,2022-08-20,2022-08-20,08-20,16:00,16:00,2022-08-20 16:00:00,,,,,,,{Ruzomberok,Ruzomberok,,,,Zlate Moravce,Zlate Moravce,,,,Draw,Draw,,,,Total,Total,,,}}{221709,,2582444,,2022-08-20,2022-08-20,08-20,16:00,16:00,2022-08-20 16:00:00,,,,,,,{Liptovsky Mikulas,Liptovsky Mikulas,,,,Trencin,Trencin,,,,Draw,Draw,,,,Total,Total,,,}}{221713,,2582445,,2022-08-20,2022-08-20,08-20,16:00,16:00,2022-08-20 16:00:00,,,,,,,{Dunajska Streda,Dunajska Streda,,,,Spartak Trnava,Spartak Trnava,,,,Draw,Draw,,,,Total,Total,,,}}}{{header153,5,236,1,165256,"SLOVENIA PRVA LIGA - Saturday, August 20th",,2022-08-20},{221905,,2582446,,2022-08-20,2022-08-20,08-20,15:30,15:30,2022-08-20 15:30:00,,,,,,,{Mura,Mura,,,,Bravo,Bravo,,,,DRAW,DRAW,,,,TOTAL,TOTAL,,,}}{221909,,2582447,,2022-08-20,2022-08-20,08-20,18:15,18:15,2022-08-20 18:15:00,,,,,,,{Olimpija,Olimpija,,,,Koper,Koper,,,,DRAW,DRAW,,,,TOTAL,TOTAL,,,}}}{{header155,5,9,1,165257,"SOUTH AFRICA PREMIER LEAGUE - Saturday, August 20th",,2022-08-20},{222101,,2582448,,2022-08-20,2022-08-20,08-20,13:00,13:00,2022-08-20 13:00:00,,,,,,,{Mamelodi Sundowns,Mamelodi Sundowns,,,,Sekhukhune United,Sekhukhune United,,,,Draw,Draw,,,,Total,Total,,,}}{222105,,2582449,,2022-08-20,2022-08-20,08-20,13:00,13:00,2022-08-20 13:00:00,,,,,,,{TS Galaxy,TS Galaxy,,,,Golden Arrows,Golden Arrows,,,,Draw,Draw,,,,Total,Total,,,}}{222109,,2582450,,2022-08-20,2022-08-20,08-20,15:30,15:30,2022-08-20 15:30:00,,,,,,,{Stellenbosch FC,Stellenbosch FC,,,,Cape Town City,Cape Town City,,,,Draw,Draw,,,,Total,Total,,,}}{222113,,2582451,,2022-08-20,2022-08-20,08-20,18:00,18:00,2022-08-20 18:00:00,,,,,,,{Chippa United,Chippa United,,,,Maritzburg United,Maritzburg United,,,,Draw,Draw,,,,Total,Total,,,}}{222117,,2582452,,2022-08-20,2022-08-20,08-20,18:00,18:00,2022-08-20 18:00:00,,,,,,,{Richards Bay,Richards Bay,,,,Kaizer Chiefs,Kaizer Chiefs,,,,Draw,Draw,,,,Total,Total,,,}}}{{header157,5,253,1,165258,"SOUTH KOREA K LEAGUE CLASSIC - Saturday, August 20th",,2022-08-20},{207221,,2582454,,2022-08-20,2022-08-20,08-20,11:00,11:00,2022-08-20 11:00:00,,,,,,,{Suwon Bluewings,Suwon Bluewings,,,,Jeju United,Jeju United,,,,DRAW,DRAW,,,,TOTAL,TOTAL,,,}}{207237,,2582453,,2022-08-20,2022-08-20,08-20,09:00,09:00,2022-08-20 09:00:00,,,,,,,{Incheon United,Incheon United,,,,Pohang Steelers,Pohang Steelers,,,,DRAW,DRAW,,,,TOTAL,TOTAL,,,}}}{{header159,5,24,1,165259,"SPAIN LA LIGA - Saturday, August 20th",,2022-08-20},{201837,,2582456,,2022-08-20,2022-08-20,08-20,17:30,17:30,2022-08-20 17:30:00,,,,,,,{Betis,Betis,,,,Mallorca,Mallorca,,,,DRAW,DRAW,,,,TOTAL,TOTAL,,,}}{201845,,2582455,,2022-08-20,2022-08-20,08-20,15:30,15:30,2022-08-20 15:30:00,,,,,,,{Cadiz,Cadiz,,,,Osasuna,Osasuna,,,,DRAW,DRAW,,,,TOTAL,TOTAL,,,}}{201869,,2582457,,2022-08-20,2022-08-20,08-20,20:00,20:00,2022-08-20 20:00:00,,,,,,,{Real Madrid,Real Madrid,,,,Celta de Vigo,Celta de Vigo,,,,DRAW,DRAW,,,,TOTAL,TOTAL,,,}}}{{header232,5,24,1,165943,"SPAIN LA LIGA IN-GAME LINES -",,2022-08-20},{291837,,2662014,,2022-08-20,2022-08-20,08-20,06:50,06:50,2022-08-21 06:50:00,,,,,,,{Betis,Betis,,,,Mallorca,Mallorca,,,,DRAW,DRAW,,,,TOTAL,TOTAL,,,}}{291845,,2662013,,2022-08-20,2022-08-20,08-20,06:50,06:50,2022-08-21 06:50:00,,,,,,,{Cadiz,Cadiz,,,,Osasuna,Osasuna,,,,DRAW,DRAW,,,,TOTAL,TOTAL,,,}}{291869,,2662015,,2022-08-20,2022-08-20,08-20,06:50,06:50,2022-08-21 06:50:00,,,,,,,{Real Madrid,Real Madrid,,,,Celta de Vigo,Celta de Vigo,,,,DRAW,DRAW,,,,TOTAL,TOTAL,,,}}}{{header161,5,264,1,165260,"SPAIN SEGUNDA DIVISION - Saturday, August 20th",,2022-08-20},{202057,,2582458,,2022-08-20,2022-08-20,08-20,15:30,15:30,2022-08-20 15:30:00,,,,,,,{FC Andorra,FC Andorra,,,,Sporting Gijon,Sporting Gijon,,,,DRAW,DRAW,,,,TOTAL,TOTAL,,,}}{202061,,2582459,,2022-08-20,2022-08-20,08-20,17:30,17:30,2022-08-20 17:30:00,,,,,,,{Levante,Levante,,,,Real Zaragoza,Real Zaragoza,,,,DRAW,DRAW,,,,TOTAL,TOTAL,,,}}{202065,,2582460,,2022-08-20,2022-08-20,08-20,17:30,17:30,2022-08-20 17:30:00,,,,,,,{Burgos,Burgos,,,,Albacete,Albacete,,,,DRAW,DRAW,,,,TOTAL,TOTAL,,,}}{202069,,2582461,,2022-08-20,2022-08-20,08-20,20:00,20:00,2022-08-20 20:00:00,,,,,,,{Racing Santander,Racing Santander,,,,Granada,Granada,,,,DRAW,DRAW,,,,TOTAL,TOTAL,,,}}}{{header171,5,37,1,165651,"SWEDEN ALLSVENSKAN - Saturday, August 20th",,2022-08-20},{207517,,2601891,,2022-08-20,2022-08-20,08-20,13:00,13:00,2022-08-20 13:00:00,,,,,,,{Djurgardens IF,Djurgardens IF,,,,Varbergs BoIS FC,Varbergs BoIS FC,,,,DRAW,DRAW,,,,TOTAL,TOTAL,,,}}}{{header163,5,9,1,165261,"SWEDEN SUPERETTAN - Saturday, August 20th",,2022-08-20},{222213,,2582463,,2022-08-20,2022-08-20,08-20,13:00,13:00,2022-08-20 13:00:00,,,,,,,{Brommapojkarna,Brommapojkarna,,,,Ostersunds FK,Ostersunds FK,,,,Draw,Draw,,,,Total,Total,,,}}{222221,,2582462,,2022-08-20,2022-08-20,08-20,13:00,13:00,2022-08-20 13:00:00,,,,,,,{Jonkopings Sodra,Jonkopings Sodra,,,,Landskrona,Landskrona,,,,Draw,Draw,,,,Total,Total,,,}}}{{header35,5,9,1,165188,"URUGUAY PRIMERA DIVISION - Saturday, August 20th",,2022-08-20},{223237,,2604722,,2022-08-20,2022-08-20,08-20,18:00,18:00,2022-08-20 18:00:00,,,,,,,{River Plate,River Plate,,,,Fenix,Fenix,,,,Draw,Draw,,,,Total,Total,,,}}{223241,,2550502,,2022-08-20,2022-08-20,08-20,13:00,13:00,2022-08-20 13:00:00,,,,,,,{Liverpool M,Liverpool M,,,,Rentistas,Rentistas,,,,Draw,Draw,,,,Total,Total,,,}}{223261,,2582175,,2022-08-20,2022-08-20,08-20,21:00,21:00,2022-08-20 21:00:00,,,,,,,{Wanderers,Wanderers,,,,Club Nacional,Club Nacional,,,,Draw,Draw,,,,Total,Total,,,}}}{{header165,5,9,1,165262,"USL CHAMPIONSHIP - Saturday, August 20th",,2022-08-20},{210257,,2582464,,2022-08-20,2022-08-20,08-20,23:00,23:00,2022-08-20 23:00:00,,,,,,,{Miami,MIA,,,,Hartford Athletic,Hartford Athletic,,,,Draw,Draw,,,,Total,Total,,,}}{210261,,2582465,,2022-08-20,2022-08-20,08-20,23:00,23:00,2022-08-20 23:00:00,,,,,,,{New York Red Bulls II,New York Red Bulls II,,,,Pittsburgh Riverhounds,Pittsburgh Riverhounds,,,,Draw,Draw,,,,Total,Total,,,}}{210265,,2582466,,2022-08-20,2022-08-20,08-20,23:30,23:30,2022-08-20 23:30:00,,,,,,,{Louisville City FC,Louisville City FC,,,,Detroit City FC,Detroit City FC,,,,Draw,Draw,,,,Total,Total,,,}}{210269,,2582467,,2022-08-20,2022-08-20,08-20,23:30,23:30,2022-08-20 23:30:00,,,,,,,{Atlanta United II,Atlanta United II,,,,Loudoun United,Loudoun United,,,,Draw,Draw,,,,Total,Total,,,}}{210273,,2582468,,2022-08-20,2022-08-20,08-20,00:30,00:30,2022-08-21 00:30:00,,,,,,,{Indy Eleven,Indy Eleven,,,,Tulsa Roughnecks FC,Tulsa Roughnecks FC,,,,Draw,Draw,,,,Total,Total,,,}}{210277,,2582469,,2022-08-20,2022-08-20,08-20,00:30,00:30,2022-08-21 00:30:00,,,,,,,{Birmingham Legion,Birmingham Legion,,,,Memphis 901,Memphis 901,,,,Draw,Draw,,,,Total,Total,,,}}{210281,,2582470,,2022-08-20,2022-08-20,08-20,01:00,01:00,2022-08-21 01:00:00,,,,,,,{Tampa Bay Rowdies,Tampa Bay Rowdies,,,,Colorado Springs Switchbacks FC,Colorado Springs Switchbacks FC,,,,Draw,Draw,,,,Total,Total,,,}}{210285,,2582471,,2022-08-20,2022-08-20,08-20,01:00,01:00,2022-08-21 01:00:00,,,,,,,{Monterey FC,Monterey FC,,,,New Mexico United,New Mexico United,,,,Draw,Draw,,,,Total,Total,,,}}{210289,,2582472,,2022-08-20,2022-08-20,08-20,01:00,01:00,2022-08-21 01:00:00,,,,,,,{Rio Grande Valley FC,Rio Grande Valley FC,,,,San Antonio Scorpions,San Antonio Scorpions,,,,Draw,Draw,,,,Total,Total,,,}}{210293,,2582473,,2022-08-20,2022-08-20,08-20,01:30,01:30,2022-08-21 01:30:00,,,,,,,{San Diego Loyal,San Diego Loyal,,,,El Paso Locomotive,El Paso Locomotive,,,,Draw,Draw,,,,Total,Total,,,}}{210297,,2582474,,2022-08-20,2022-08-20,08-20,02:30,02:30,2022-08-21 02:30:00,,,,,,,{Charleston Battery,Charleston Battery,,,,LA Galaxy II,LA Galaxy II,,,,Draw,Draw,,,,Total,Total,,,}}{210301,,2582475,,2022-08-20,2022-08-20,08-20,02:30,02:30,2022-08-21 02:30:00,,,,,,,{Sacramento Republic FC,Sacramento Republic FC,,,,Las Vegas Lights FC,Las Vegas Lights FC,,,,Draw,Draw,,,,Total,Total,,,}}}{{header196,5,9,1,165655,"VENEZUELA PRIMERA DIVISION - Saturday, August 20th",,2022-08-20},{223617,,2621021,,2022-08-20,2022-08-20,08-20,21:00,21:00,2022-08-20 21:00:00,,,,,,,{Portuguesa,Portuguesa,,,,Universidad Central,Universidad Central,,,,Draw,Draw,,,,Total,Total,,,}}{223621,,2621022,,2022-08-20,2022-08-20,08-20,23:15,23:15,2022-08-20 23:15:00,,,,,,,{Metropolitanos,Metropolitanos,,,,Carabobo,Carabobo,,,,Draw,Draw,,,,Total,Total,,,}}}{{header167,5,9,1,165263,"WALES PREMIER LEAGUE - Saturday, August 20th",,2022-08-20},{224029,,2582476,,2022-08-20,2022-08-20,08-20,13:30,13:30,2022-08-20 13:30:00,,,,,,,{Penybont,Penybont,,,,The New Saints,The New Saints,,,,Draw,Draw,,,,Total,Total,,,}}{224033,,2582477,,2022-08-20,2022-08-20,08-20,13:30,13:30,2022-08-20 13:30:00,,,,,,,{Pontypridd Town AFC,Pontypridd Town AFC,,,,Caernarfon Town,Caernarfon Town,,,,Draw,Draw,,,,Total,Total,,,}}{224037,,2582478,,2022-08-20,2022-08-20,08-20,13:30,13:30,2022-08-20 13:30:00,,,,,,,{Haverfordwest County,Haverfordwest County,,,,Bala Town,Bala Town,,,,Draw,Draw,,,,Total,Total,,,}}{224041,,2582479,,2022-08-20,2022-08-20,08-20,16:45,16:45,2022-08-20 16:45:00,,,,,,,{Cardiff MU,Cardiff MU,,,,Aberystwyth Town,Aberystwyth Town,,,,Draw,Draw,,,,Total,Total,,,}}}{{header224,5,288,1,165939,"ENGLAND PREMIER LEAGUE IN-GAME LINES -",,2022-08-20},{290077,,2661989,,2022-08-20,2022-08-20,08-20,06:50,06:50,2022-08-21 06:50:00,,,,,,,{Wolverhampton Wanderers,Wolverhampton Wanderers,,,,Tottenham,Tottenham,,,,DRAW,DRAW,,,,TOTAL,TOTAL,,,}}{290081,,2661990,,2022-08-20,2022-08-20,08-20,06:50,06:50,2022-08-21 06:50:00,,,,,,,{Brentford,Brentford,,,,Fulham,Fulham,,,,DRAW,DRAW,,,,TOTAL,TOTAL,,,}}{290085,,2661991,,2022-08-20,2022-08-20,08-20,06:50,06:50,2022-08-21 06:50:00,,,,,,,{Aston Villa,Aston Villa,,,,Crystal Palace,Crystal Palace,,,,DRAW,DRAW,,,,TOTAL,TOTAL,,,}}{290089,,2661992,,2022-08-20,2022-08-20,08-20,06:50,06:50,2022-08-21 06:50:00,,,,,,,{Nottingham Forest,Nottingham Forest,,,,Everton,Everton,,,,DRAW,DRAW,,,,TOTAL,TOTAL,,,}}{290093,,2661993,,2022-08-20,2022-08-20,08-20,06:50,06:50,2022-08-21 06:50:00,,,,,,,{Southampton,Southampton,,,,Leicester City,Leicester City,,,,DRAW,DRAW,,,,TOTAL,TOTAL,,,}}{290097,,2661994,,2022-08-20,2022-08-20,08-20,06:50,06:50,2022-08-21 06:50:00,,,,,,,{Arsenal,Arsenal,,,,Bournemouth,Bournemouth,,,,DRAW,DRAW,,,,TOTAL,TOTAL,,,}}}{{header111,5,235,1,165235,"ISRAEL PREMIER LEAGUE - Saturday, August 20th",,2022-08-30},{217413,,2582380,,2022-08-20,2022-08-20,08-20,17:15,17:15,2022-08-20 17:15:00,,,,,,,{Beitar Jerusalem,Beitar Jerusalem,,,,Maccabi Netanya,Maccabi Netanya,,,,DRAW,DRAW,,,,TOTAL,TOTAL,,,}}{217417,,2582381,,2022-08-20,2022-08-20,08-20,16:00,16:00,2022-08-20 16:00:00,,,,,,,{Hapoel Hadera,Hapoel Hadera,,,,Hapoel Jerusalem,Hapoel Jerusalem,,,,DRAW,DRAW,,,,TOTAL,TOTAL,,,}}{217421,,2582382,,2022-08-20,2022-08-20,08-20,15:00,15:00,2022-08-20 15:00:00,,,,,,,{Hapoel Tel Aviv,Hapoel Tel Aviv,,,,Hapoel Haifa,Hapoel Haifa,,,,DRAW,DRAW,,,,TOTAL,TOTAL,,,}}}{{header185,6,133,1,165493,"BOXING - IBF HEAVYWEIGHT EILMINATOR (12 ROUNDS) - Saturday, August 20th @ King Abdullah Sports City - Jeddah, Saudi Arabia",,2022-08-20},{29135,,2601141,,2022-08-20,2022-08-20,08-20,20:52,20:52,2022-08-20 20:52:00,,,,,,,{Zhilei Zhang,Zhilei Zhang,,,,Flip Hrgovic,Flip Hrgovic,,,}}}{{header27,6,133,1,163713,"BOXING - JUNIOR WELTERWEIGHT BOUT (12 ROUNDS) - Saturday, August 20th @ Seminole Hard Rock Hotel & Casino - Hollywood, FL",,2022-08-20},{29147,,2402011,,2022-08-20,2022-08-20,08-20,07:00,07:00,2022-08-20 07:00:00,,,,,,,{Omar Figueroa Jr,Omar Figueroa Jr,,,,Adrien Broner,Adrien Broner,,,}}}{{header191,6,133,1,165495,"BOXING - LIGHT HEAVYWEIGHT BOUT (10 ROUNDS) - Saturday, August 20th @ King Abdullah Sports City - Jeddah, Saudi Arabia",,2022-08-20},{29165,,2601143,,2022-08-20,2022-08-20,08-20,18:12,18:12,2022-08-20 18:12:00,,,,,,,{Richard Rivera,Richard Rivera,,,,Badou Jack,Badou Jack,,,}}}{{header3,6,133,1,153676,"BOXING - WBA/WBO/IBF HEAVYWEIGHT TITLE BOUT (12 ROUNDS) - Saturday, August 20th @ King Abdullah Sports City - Jeddah, Saudi Arabia",,2022-08-20},{29131,,1764473,,2022-08-20,2022-08-20,08-20,22:14,22:14,2022-08-20 22:14:00,,,,,,,{Oleksandr Usyk,Oleksandr Usyk,,,,Anthony Joshua,Anthony Joshua,,,}}}{{header24,6,133,1,163712,"BOXING - WBO FEATHERWEIGHT TITLE BOUT (12 ROUNDS) - Saturday, August 20th @ Pechanga Arena - San Diego, CA",,2022-08-20},{29143,,2402010,,2022-08-20,2022-08-20,08-20,03:34,03:34,2022-08-21 03:34:00,,,,,,,{Eduardo Baez,Eduardo Baez,,,,Emanuel Navarrete,Emanuel Navarrete,,,}}}{{header188,6,133,1,165494,"BOXING - WBC LIGHT HEAVYWEIGHT EILMINATOR (12 ROUNDS) - Saturday, August 20th @ King Abdullah Sports City - Jeddah, Saudi Arabia",,2022-08-20},{29161,,2601142,,2022-08-20,2022-08-20,08-20,19:42,19:42,2022-08-20 19:42:00,,,,,,,{Mathieu Bauderlique,Mathieu Bauderlique,,,,Callum Smith,Callum Smith,,,}}}{{header194,6,134,1,165583,"PFL 9 - Saturday, August 20th",,2022-08-20},{24101,,2604419,,2022-08-20,2022-08-20,08-20,21:50,21:50,2022-08-20 21:50:00,,,,,,,{Marcin Held,Marcin Held,,,,Myles Price,Myles Price,,,}}{24105,,2604420,,2022-08-20,2022-08-20,08-20,21:22,21:22,2022-08-20 21:22:00,,,,,,,{Louie Sutherland,Louie Sutherland,,,,Abraham Bably,Abraham Bably,,,}}{24109,,2604421,,2022-08-20,2022-08-20,08-20,21:05,21:05,2022-08-20 21:05:00,,,,,,,{Tayo Odunjo,Tayo Odunjo,,,,Magnus Onyeka Iversen,Magnus Onyeka Iversen,,,}}{24113,,2604422,,2022-08-20,2022-08-20,08-20,20:42,20:42,2022-08-20 20:42:00,,,,,,,{Ali Taleb,Ali Taleb,,,,Darius Mafi,Darius Mafi,,,}}{24117,,2604423,,2022-08-20,2022-08-20,08-20,16:47,16:47,2022-08-20 16:47:00,,,,,,,{Zebenzui Ruiz,Zebenzui Ruiz,,,,Raphael Uchegbu,Raphael Uchegbu,,,}}{24121,,2604424,,2022-08-20,2022-08-20,08-20,20:30,20:30,2022-08-20 20:30:00,,,,,,,{Martina Jindrova,Martina Jindrova,,,,Kayla Harrison,Kayla Harrison,,,}}{24125,,2604425,,2022-08-20,2022-08-20,08-20,19:50,19:50,2022-08-20 19:50:00,,,,,,,{Brendan Loughnane,Brendan Loughnane,,,,Chris Wade,Chris Wade,,,}}{24129,,2604426,,2022-08-20,2022-08-20,08-20,19:27,19:27,2022-08-20 19:27:00,,,,,,,{Olena Kolesnyk,Olena Kolesnyk,,,,Larissa Pacheco,Larissa Pacheco,,,}}{24133,,2604427,,2022-08-20,2022-08-20,08-20,19:02,19:02,2022-08-20 19:02:00,,,,,,,{Bubba Jenkins,Bubba Jenkins,,,,Ryoji Kudo,Ryoji Kudo,,,}}{24137,,2604428,,2022-08-20,2022-08-20,08-20,18:37,18:37,2022-08-20 18:37:00,,,,,,,{Dakota Ditcheva,Dakota Ditcheva,,,,Hassna Gaber,Hassna Gaber,,,}}{24141,,2604429,,2022-08-20,2022-08-20,08-20,18:12,18:12,2022-08-20 18:12:00,,,,,,,{Joao Paulo Fagundes,Joao Paulo Fagundes,,,,Simeon Powell,Simeon Powell,,,}}{24145,,2604430,,2022-08-20,2022-08-20,08-20,17:31,17:31,2022-08-20 17:31:00,,,,,,,{Sofiane Boukichou,Sofiane Boukichou,,,,Stuart Austin,Stuart Austin,,,}}{24149,,2604431,,2022-08-20,2022-08-20,08-20,17:09,17:09,2022-08-20 17:09:00,,,,,,,{Alexander Chizov,Alexander Chizov,,,,Omar Hussein,Omar Hussein,,,}}{24153,,2604432,,2022-08-20,2022-08-20,08-20,10:00,10:00,2022-08-20 10:00:00,,,,,,,{&nbsp;,&nbsp;,,,,&nbsp;,&nbsp;,,,}}{24157,,2604433,,2022-08-20,2022-08-20,08-20,10:00,10:00,2022-08-20 10:00:00,,,,,,,{&nbsp;,&nbsp;,,,,&nbsp;,&nbsp;,,,}}}{{header30,6,132,1,163805,"UFC 278: Usman vs. Edwards 2 - Saturday, August 20th @ Vivint Arena - Salt Lake City, UT",,2022-08-20},{24301,,2419632,,2022-08-20,2022-08-20,08-20,04:24,04:24,2022-08-21 04:24:00,,,,,,,{Leon Edwards,Leon Edwards,,,,Kamaru Usman,Kamaru Usman,,,}}{24305,,2419633,,2022-08-20,2022-08-20,08-20,03:40,03:40,2022-08-21 03:40:00,,,,,,,{Luke Rockhold,Luke Rockhold,,,,Paulo Costa,Paulo Costa,,,}}{24309,,2419634,,2022-08-20,2022-08-20,08-20,03:06,03:06,2022-08-21 03:06:00,,,,,,,{Merab Dvalishvili,Merab Dvalishvili,,,,Jose Aldo,Jose Aldo,,,}}{24313,,2419635,,2022-08-20,2022-08-20,08-20,01:43,01:43,2022-08-21 01:43:00,,,,,,,{Marcin Tybura,Marcin Tybura,,,,Alexandr Romanov,Alexandr Romanov,,,}}{24317,,2419636,,2022-08-20,2022-08-20,08-20,02:24,02:24,2022-08-21 02:24:00,,,,,,,{Harry Hunsucker,Harry Hunsucker,,,,Tyson Pedro,Tyson Pedro,,,}}{24321,,2419637,,2022-08-20,2022-08-20,08-20,01:16,01:16,2022-08-21 01:16:00,,,,,,,{Leonardo Santos,Leonardo Santos,,,,Jared Gordon,Jared Gordon,,,}}{24325,,2419638,,2022-08-20,2022-08-20,08-20,02:37,02:37,2022-08-21 02:37:00,,,,,,,{Yanan Wu,Yanan Wu,,,,Lucie Pudilova,Lucie Pudilova,,,}}{24329,,2419639,,2022-08-20,2022-08-20,08-20,00:45,00:45,2022-08-21 00:45:00,,,,,,,{Luis Saldana,Luis Saldana,,,,Sean Woodson,Sean Woodson,,,}}{24333,,2419640,,2022-08-20,2022-08-20,08-20,00:10,00:10,2022-08-21 00:10:00,,,,,,,{Shanna Young,Shanna Young,,,,Miranda Maverick,Miranda Maverick,,,}}{24337,,2419641,,2022-08-20,2022-08-20,08-20,00:13,00:13,2022-08-21 00:13:00,,,,,,,{Ange Loosa,Ange Loosa,,,,AJ Fletcher,AJ Fletcher,,,}}{24341,,2419642,,2022-08-20,2022-08-20,08-20,23:38,23:38,2022-08-20 23:38:00,,,,,,,{Francisco Figueiredo,Francisco Figueiredo,,,,Amir Albazi,Amir Albazi,,,}}{24345,,2419643,,2022-08-20,2022-08-20,08-20,23:06,23:06,2022-08-20 23:06:00,,,,,,,{Jay Perrin,Jay Perrin,,,,Aoriqileng,Aoriqileng,,,}}{24349,,2419644,,2022-08-20,2022-08-20,08-20,22:42,22:42,2022-08-20 22:42:00,,,,,,,{Daniel da Silva,Daniel da Silva,,,,Victor Altamirano,Victor Altamirano,,,}}{24353,,2419645,,2022-08-20,2022-08-20,08-20,22:00,22:00,2022-08-20 22:00:00,,,,,,,{&nbsp;,&nbsp;,,,,&nbsp;,&nbsp;,,,}}{24357,,2419646,,2022-08-20,2022-08-20,08-20,22:00,22:00,2022-08-20 22:00:00,,,,,,,{&nbsp;,&nbsp;,,,,&nbsp;,&nbsp;,,,}}}{{header176,7,136,1,165486,"PGA GOLF - BMW CHAMPIONSHIP 3RD ROUND MATCHUPS - Saturday, August 20th",,2022-08-20},{7301,,2654695,,2022-08-20,2022-08-20,08-20,12:55,12:55,2022-08-20 12:55:00,,,,,,,{Taylor Moore,Taylor Moore,,,,Brendan Steele,Brendan Steele,,,}}{7303,,2654838,,2022-08-20,2022-08-20,08-20,12:55,12:55,2022-08-20 12:55:00,,,,,,,{Jon Rahm,Jon Rahm,,,,Matthew Fitzpatrick,Matthew Fitzpatrick,,,}}{7305,,2654839,,2022-08-20,2022-08-20,08-20,13:20,13:20,2022-08-20 13:20:00,,,,,,,{Joohyung Kim,Joohyung Kim,,,,Viktor Hovland,Viktor Hovland,,,}}{7307,,2654840,,2022-08-20,2022-08-20,08-20,13:30,13:30,2022-08-20 13:30:00,,,,,,,{Billy Horschel,Billy Horschel,,,,Max Homa,Max Homa,,,}}{7309,,2654841,,2022-08-20,2022-08-20,08-20,13:50,13:50,2022-08-20 13:50:00,,,,,,,{Maverick McNealy,Maverick McNealy,,,,J.T. Poston,J.T. Poston,,,}}{7311,,2654843,,2022-08-20,2022-08-20,08-20,14:00,14:00,2022-08-20 14:00:00,,,,,,,{Troy Merritt,Troy Merritt,,,,Alex Noren,Alex Noren,,,}}{7313,,2654844,,2022-08-20,2022-08-20,08-20,14:00,14:00,2022-08-20 14:00:00,,,,,,,{Chris Kirk,Chris Kirk,,,,Cameron Tringale,Cameron Tringale,,,}}{7315,,2654845,,2022-08-20,2022-08-20,08-20,14:20,14:20,2022-08-20 14:20:00,,,,,,,{Tom Hoge,Tom Hoge,,,,Andrew Putnam,Andrew Putnam,,,}}{7317,,2654846,,2022-08-20,2022-08-20,08-20,14:35,14:35,2022-08-20 14:35:00,,,,,,,{Denny McCarthy,Denny McCarthy,,,,Sahith Theegala,Sahith Theegala,,,}}{7319,,2654847,,2022-08-20,2022-08-20,08-20,14:45,14:45,2022-08-20 14:45:00,,,,,,,{Lucas Herbert,Lucas Herbert,,,,Christiaan Bezuidenhout,Christiaan Bezuidenhout,,,}}{7321,,2654848,,2022-08-20,2022-08-20,08-20,14:45,14:45,2022-08-20 14:45:00,,,,,,,{Keith Mitchell,Keith Mitchell,,,,Taylor Pendrith,Taylor Pendrith,,,}}{7323,,2654849,,2022-08-20,2022-08-20,08-20,14:55,14:55,2022-08-20 14:55:00,,,,,,,{Matt Kuchar,Matt Kuchar,,,,Marc Leishman,Marc Leishman,,,}}{7325,,2654850,,2022-08-20,2022-08-20,08-20,15:15,15:15,2022-08-20 15:15:00,,,,,,,{Justin Thomas,Justin Thomas,,,,Collin Morikawa,Collin Morikawa,,,}}{7327,,2654851,,2022-08-20,2022-08-20,08-20,15:25,15:25,2022-08-20 15:25:00,,,,,,,{Seamus Power,Seamus Power,,,,Trey Mullinax,Trey Mullinax,,,}}{7329,,2654852,,2022-08-20,2022-08-20,08-20,15:50,15:50,2022-08-20 15:50:00,,,,,,,{Emiliano Grillo,Emiliano Grillo,,,,Adam Hadwin,Adam Hadwin,,,}}{7331,,2654853,,2022-08-20,2022-08-20,08-20,15:50,15:50,2022-08-20 15:50:00,,,,,,,{Will Zalatoris,Will Zalatoris,,,,Sam Burns,Sam Burns,,,}}{7333,,2654854,,2022-08-20,2022-08-20,08-20,16:10,16:10,2022-08-20 16:10:00,,,,,,,{Keegan Bradley,Keegan Bradley,,,,Russell Henley,Russell Henley,,,}}{7335,,2654856,,2022-08-20,2022-08-20,08-20,16:20,16:20,2022-08-20 16:20:00,,,,,,,{Tyrrell Hatton,Tyrrell Hatton,,,,Shane Lowry,Shane Lowry,,,}}{7337,,2654857,,2022-08-20,2022-08-20,08-20,16:40,16:40,2022-08-20 16:40:00,,,,,,,{Hideki Matsuyama,Hideki Matsuyama,,,,Aaron Wise,Aaron Wise,,,}}{7339,,2654858,,2022-08-20,2022-08-20,08-20,16:40,16:40,2022-08-20 16:40:00,,,,,,,{Harold Varner III,Harold Varner III,,,,Scott Stallings,Scott Stallings,,,}}{7341,,2654859,,2022-08-20,2022-08-20,08-20,16:50,16:50,2022-08-20 16:50:00,,,,,,,{Joaquin Niemann,Joaquin Niemann,,,,Xander Schauffele,Xander Schauffele,,,}}{7343,,2654860,,2022-08-20,2022-08-20,08-20,17:05,17:05,2022-08-20 17:05:00,,,,,,,{Patrick Cantlay,Patrick Cantlay,,,,Rory McIlroy,Rory McIlroy,,,}}{7345,,2654861,,2022-08-20,2022-08-20,08-20,17:25,17:25,2022-08-20 17:25:00,,,,,,,{Cameron Davis,Cameron Davis,,,,Adam Scott,Adam Scott,,,}}{7347,,2654862,,2022-08-20,2022-08-20,08-20,17:25,17:25,2022-08-20 17:25:00,,,,,,,{Jordan Spieth,Jordan Spieth,,,,Corey Conners,Corey Conners,,,}}{7349,,2654863,,2022-08-20,2022-08-20,08-20,17:35,17:35,2022-08-20 17:35:00,,,,,,,{Cameron Young,Cameron Young,,,,Scottie Scheffler,Scottie Scheffler,,,}}}{{header199,8,97,1,165731,"MEN'S TENNIS - WESTERN & SOUTHERN OPEN (Semis) - Cincinnati, OH, USA (Hard)",,2022-08-20},{8125,,2633990,,2022-08-20,2022-08-20,08-20,00:05,00:05,2022-08-21 00:05:00,,,,,,,{Daniil Medvedev,Daniil Medvedev,,,,Stefanos Tsitsipas,Stefanos Tsitsipas,,,}}{8127,,2633991,,2022-08-20,2022-08-20,08-20,23:40,23:40,2022-08-20 23:40:00,,,,,,,{Cameron Norrie,Cameron Norrie,,,,Borna Coric,Borna Coric,,,}}}{{header202,8,98,1,165732,"WOMEN'S TENNIS - WESTERN & SOUTHERN OPEN (Semis) - Cincinnati, OH, USA (Hard)",,2022-08-20},{8625,,2633992,,2022-08-20,2022-08-20,08-20,15:05,15:05,2022-08-20 15:05:00,,,,,,,{Madison Keys,Madison Keys,,,,Petra Kvitova,Petra Kvitova,,,}}{8627,,2633993,,2022-08-20,2022-08-20,08-20,17:40,17:40,2022-08-20 17:40:00,,,,,,,{Caroline Garcia,Caroline Garcia,,,,Aryna Sabalenka,null,,,}}}{{header182,9,142,1,165491,"INDYCAR - BOMMARITO AUTOMOTIVE GROUP 500 MATCHUPS - Saturday, August 20th",,2022-08-20},{7701,,2601110,,2022-08-20,2022-08-20,08-20,22:05,22:05,2022-08-20 22:05:00,,,,,,,{Josef Newgarden,Josef Newgarden,,,,Pato OWard,Pato OWard,,,}}{7703,,2601111,,2022-08-20,2022-08-20,08-20,22:05,22:05,2022-08-20 22:05:00,,,,,,,{Josef Newgarden,Josef Newgarden,,,,Will Power,Will Power,,,}}{7705,,2601112,,2022-08-20,2022-08-20,08-20,22:05,22:05,2022-08-20 22:05:00,,,,,,,{Pato OWard,Pato OWard,,,,Will Power,Will Power,,,}}{7707,,2601113,,2022-08-20,2022-08-20,08-20,22:05,22:05,2022-08-20 22:05:00,,,,,,,{Scott Dixon,Scott Dixon,,,,Marcus Ericsson,Marcus Ericsson,,,}}{7709,,2601114,,2022-08-20,2022-08-20,08-20,22:05,22:05,2022-08-20 22:05:00,,,,,,,{Scott Dixon,Scott Dixon,,,,Scott McLaughlin,Scott McLaughlin,,,}}{7711,,2601115,,2022-08-20,2022-08-20,08-20,22:05,22:05,2022-08-20 22:05:00,,,,,,,{Scott Dixon,Scott Dixon,,,,Alex Palou,Alex Palou,,,}}{7713,,2601116,,2022-08-20,2022-08-20,08-20,22:05,22:05,2022-08-20 22:05:00,,,,,,,{Marcus Ericsson,Marcus Ericsson,,,,Scott McLaughlin,Scott McLaughlin,,,}}{7715,,2601117,,2022-08-20,2022-08-20,08-20,22:05,22:05,2022-08-20 22:05:00,,,,,,,{Marcus Ericsson,Marcus Ericsson,,,,Alex Palou,Alex Palou,,,}}{7717,,2601118,,2022-08-20,2022-08-20,08-20,22:05,22:05,2022-08-20 22:05:00,,,,,,,{Scott McLaughlin,Scott McLaughlin,,,,Alex Palou,Alex Palou,,,}}{7719,,2601119,,2022-08-20,2022-08-20,08-20,22:05,22:05,2022-08-20 22:05:00,,,,,,,{Colton Herta,Colton Herta,,,,Alexander Rossi,Alexander Rossi,,,}}{7721,,2601120,,2022-08-20,2022-08-20,08-20,22:05,22:05,2022-08-20 22:05:00,,,,,,,{Colton Herta,Colton Herta,,,,Takuma Sato,Takuma Sato,,,}}{7723,,2601121,,2022-08-20,2022-08-20,08-20,22:05,22:05,2022-08-20 22:05:00,,,,,,,{Alexander Rossi,Alexander Rossi,,,,Takuma Sato,Takuma Sato,,,}}{7725,,2601122,,2022-08-20,2022-08-20,08-20,22:05,22:05,2022-08-20 22:05:00,,,,,,,{Romain Grosjean,Romain Grosjean,,,,Felix Rosenqvist,Felix Rosenqvist,,,}}{7727,,2601123,,2022-08-20,2022-08-20,08-20,22:05,22:05,2022-08-20 22:05:00,,,,,,,{Romain Grosjean,Romain Grosjean,,,,Simon Pagenaud,Simon Pagenaud,,,}}{7729,,2601124,,2022-08-20,2022-08-20,08-20,22:05,22:05,2022-08-20 22:05:00,,,,,,,{Felix Rosenqvist,Felix Rosenqvist,,,,Simon Pagenaud,Simon Pagenaud,,,}}{7731,,2601125,,2022-08-20,2022-08-20,08-20,22:05,22:05,2022-08-20 22:05:00,,,,,,,{Rinus Veekay,Rinus Veekay,,,,Graham Rahal,Graham Rahal,,,}}{7733,,2601126,,2022-08-20,2022-08-20,08-20,22:05,22:05,2022-08-20 22:05:00,,,,,,,{Rinus Veekay,Rinus Veekay,,,,Jimmie Johnson,Jimmie Johnson,,,}}{7735,,2601127,,2022-08-20,2022-08-20,08-20,22:05,22:05,2022-08-20 22:05:00,,,,,,,{Graham Rahal,Graham Rahal,,,,Jimmie Johnson,Jimmie Johnson,,,}}{7737,,2601128,,2022-08-20,2022-08-20,08-20,22:05,22:05,2022-08-20 22:05:00,,,,,,,{Conor Daly,Conor Daly,,,,Helio Castroneves,Helio Castroneves,,,}}{7739,,2601129,,2022-08-20,2022-08-20,08-20,22:05,22:05,2022-08-20 22:05:00,,,,,,,{Conor Daly,Conor Daly,,,,David Malukas,David Malukas,,,}}{7741,,2601130,,2022-08-20,2022-08-20,08-20,22:05,22:05,2022-08-20 22:05:00,,,,,,,{Helio Castroneves,Helio Castroneves,,,,David Malukas,David Malukas,,,}}{7743,,2601131,,2022-08-20,2022-08-20,08-20,22:05,22:05,2022-08-20 22:05:00,,,,,,,{Jack Harvey,Jack Harvey,,,,Ed Carpenter,Ed Carpenter,,,}}{7745,,2601132,,2022-08-20,2022-08-20,08-20,22:05,22:05,2022-08-20 22:05:00,,,,,,,{Kyle Kirkwood,Kyle Kirkwood,,,,Ed Carpenter,Ed Carpenter,,,}}{7747,,2601133,,2022-08-20,2022-08-20,08-20,22:05,22:05,2022-08-20 22:05:00,,,,,,,{Christian Lundgaard,Christian Lundgaard,,,,Devlin Defrancesco,Devlin Defrancesco,,,}}{7749,,2601134,,2022-08-20,2022-08-20,08-20,22:05,22:05,2022-08-20 22:05:00,,,,,,,{Callum Ilott,Callum Ilott,,,,Dalton Kellett,Dalton Kellett,,,}}}{{header179,9,140,1,165490,"XFINITY - NASCAR XFINITY SERIES RACE MATCHUPS - Saturday, August 20th @ Watkins Glen International - Watkins Glen, NY",,2022-08-20},{7601,,2601085,,2022-08-20,2022-08-20,08-20,19:19,19:19,2022-08-20 19:19:00,,,,,,,{Kyle Larson,Kyle Larson,,,,AJ Allmendinger,AJ Allmendinger,,,}}{7603,,2601086,,2022-08-20,2022-08-20,08-20,19:19,19:19,2022-08-20 19:19:00,,,,,,,{Kyle Larson,Kyle Larson,,,,Ty Gibbs,Ty Gibbs,,,}}{7605,,2601087,,2022-08-20,2022-08-20,08-20,19:19,19:19,2022-08-20 19:19:00,,,,,,,{Kyle Larson,Kyle Larson,,,,William Byron,William Byron,,,}}{7607,,2601088,,2022-08-20,2022-08-20,08-20,19:19,19:19,2022-08-20 19:19:00,,,,,,,{AJ Allmendinger,AJ Allmendinger,,,,Ty Gibbs,Ty Gibbs,,,}}{7609,,2601089,,2022-08-20,2022-08-20,08-20,19:19,19:19,2022-08-20 19:19:00,,,,,,,{AJ Allmendinger,AJ Allmendinger,,,,William Byron,William Byron,,,}}{7611,,2601090,,2022-08-20,2022-08-20,08-20,19:19,19:19,2022-08-20 19:19:00,,,,,,,{Ty Gibbs,Ty Gibbs,,,,William Byron,William Byron,,,}}{7613,,2601091,,2022-08-20,2022-08-20,08-20,19:19,19:19,2022-08-20 19:19:00,,,,,,,{Ross Chastain,Ross Chastain,,,,Cole Custer,Cole Custer,,,}}{7615,,2601092,,2022-08-20,2022-08-20,08-20,19:19,19:19,2022-08-20 19:19:00,,,,,,,{Ross Chastain,Ross Chastain,,,,Justin Allgaier,Justin Allgaier,,,}}{7617,,2601093,,2022-08-20,2022-08-20,08-20,19:19,19:19,2022-08-20 19:19:00,,,,,,,{Ross Chastain,Ross Chastain,,,,William Byron,William Byron,,,}}{7619,,2601094,,2022-08-20,2022-08-20,08-20,19:19,19:19,2022-08-20 19:19:00,,,,,,,{Cole Custer,Cole Custer,,,,Justin Allgaier,Justin Allgaier,,,}}{7621,,2601095,,2022-08-20,2022-08-20,08-20,19:19,19:19,2022-08-20 19:19:00,,,,,,,{Cole Custer,Cole Custer,,,,Noah Gragson,Noah Gragson,,,}}{7623,,2601096,,2022-08-20,2022-08-20,08-20,19:19,19:19,2022-08-20 19:19:00,,,,,,,{Justin Allgaier,Justin Allgaier,,,,Noah Gragson,Noah Gragson,,,}}{7625,,2601097,,2022-08-20,2022-08-20,08-20,19:19,19:19,2022-08-20 19:19:00,,,,,,,{Sam Mayer,Sam Mayer,,,,Noah Gragson,Noah Gragson,,,}}{7627,,2601098,,2022-08-20,2022-08-20,08-20,19:19,19:19,2022-08-20 19:19:00,,,,,,,{Sam Mayer,Sam Mayer,,,,Austin Hill,Austin Hill,,,}}{7629,,2601099,,2022-08-20,2022-08-20,08-20,19:19,19:19,2022-08-20 19:19:00,,,,,,,{Sam Mayer,Sam Mayer,,,,Josh Berry,Josh Berry,,,}}{7631,,2601100,,2022-08-20,2022-08-20,08-20,19:19,19:19,2022-08-20 19:19:00,,,,,,,{Austin Hill,Austin Hill,,,,Josh Berry,Josh Berry,,,}}{7633,,2601101,,2022-08-20,2022-08-20,08-20,19:19,19:19,2022-08-20 19:19:00,,,,,,,{Austin Hill,Austin Hill,,,,Sheldon Creed,Sheldon Creed,,,}}{7635,,2601102,,2022-08-20,2022-08-20,08-20,19:19,19:19,2022-08-20 19:19:00,,,,,,,{Josh Berry,Josh Berry,,,,Sheldon Creed,Sheldon Creed,,,}}{7637,,2601103,,2022-08-20,2022-08-20,08-20,19:19,19:19,2022-08-20 19:19:00,,,,,,,{Daniel Hemric,Daniel Hemric,,,,Riley Herbst,Riley Herbst,,,}}{7639,,2601104,,2022-08-20,2022-08-20,08-20,19:19,19:19,2022-08-20 19:19:00,,,,,,,{Daniel Hemric,Daniel Hemric,,,,Brandon Jones,Brandon Jones,,,}}{7641,,2601105,,2022-08-20,2022-08-20,08-20,19:19,19:19,2022-08-20 19:19:00,,,,,,,{Riley Herbst,Riley Herbst,,,,Brandon Jones,Brandon Jones,,,}}{7643,,2601106,,2022-08-20,2022-08-20,08-20,19:19,19:19,2022-08-20 19:19:00,,,,,,,{Connor Mosack,Connor Mosack,,,,Sammy Smith,Sammy Smith,,,}}{7645,,2601107,,2022-08-20,2022-08-20,08-20,19:19,19:19,2022-08-20 19:19:00,,,,,,,{Connor Mosack,Connor Mosack,,,,Landon Cassill,Landon Cassill,,,}}{7647,,2601108,,2022-08-20,2022-08-20,08-20,19:19,19:19,2022-08-20 19:19:00,,,,,,,{Sammy Smith,Sammy Smith,,,,Landon Cassill,Landon Cassill,,,}}{7649,,2601109,,2022-08-20,2022-08-20,08-20,19:19,19:19,2022-08-20 19:19:00,,,,,,,{Kaz Grala,Kaz Grala,,,,Andy Lally,Andy Lally,,,}}}